"employee_id","age","gender","marital_status","education_level","education_field","department","job_role","job_level","monthly_income","percent_salary_hike","stock_option_level","total_working_years","training_times_last_year","years_at_company","years_in_current_role","years_since_last_promotion","years_with_curr_manager","environment_satisfaction","job_involvement","job_satisfaction","performance_rating","relationship_satisfaction","work_life_balance","business_travel","distance_from_home","num_companies_worked","over_time","attrition"
"1","41","Female","Single","2","Life Sciences","Sales","Sales Executive","2","5993","11","0","8","0","6","4","0","5","2","3","4","3","1","1","Travel_Rarely","1","8","Yes","Yes"
"2","49","Male","Married","1","Life Sciences","Research & Development","Research Scientist","2","5130","23","1","10","3","10","7","1","7","3","2","2","4","4","3","Travel_Frequently","8","1","No","No"
"4","37","Male","Single","2","Other","Research & Development","Laboratory Technician","1","2090","15","0","7","3","0","0","0","0","4","2","3","3","2","3","Travel_Rarely","2","6","Yes","Yes"
"5","33","Female","Married","4","Life Sciences","Research & Development","Research Scientist","1","2909","11","0","8","3","8","7","3","0","4","3","3","3","3","3","Travel_Frequently","3","1","Yes","No"
"7","27","Male","Married","1","Medical","Research & Development","Laboratory Technician","1","3468","12","1","6","3","2","2","2","2","1","3","2","3","4","3","Travel_Rarely","2","9","No","No"
"8","32","Male","Single","2","Life Sciences","Research & Development","Laboratory Technician","1","3068","13","0","8","2","7","7","3","6","4","3","4","3","3","2","Travel_Frequently","2","0","No","No"
"10","59","Female","Married","3","Medical","Research & Development","Laboratory Technician","1","2670","20","3","12","3","1","0","0","0","3","4","1","4","1","2","Travel_Rarely","3","4","Yes","No"
"11","30","Male","Divorced","1","Life Sciences","Research & Development","Laboratory Technician","1","2693","22","1","1","2","1","0","0","0","4","3","3","4","2","3","Travel_Rarely","24","1","No","No"
"12","38","Male","Single","3","Life Sciences","Research & Development","Manufacturing Director","3","9526","21","0","10","2","9","7","1","8","4","2","3","4","2","3","Travel_Frequently","23","0","No","No"
"13","36","Male","Married","3","Medical","Research & Development","Healthcare Representative","2","5237","13","2","17","3","7","7","7","7","3","3","3","3","2","2","Travel_Rarely","27","6","No","No"
"14","35","Male","Married","3","Medical","Research & Development","Laboratory Technician","1","2426","13","1","6","5","5","4","0","3","1","4","2","3","3","3","Travel_Rarely","16","0","No","No"
"15","29","Female","Single","2","Life Sciences","Research & Development","Laboratory Technician","2","4193","12","0","10","3","9","5","0","8","4","2","3","3","4","3","Travel_Rarely","15","0","Yes","No"
"16","31","Male","Divorced","1","Life Sciences","Research & Development","Research Scientist","1","2911","17","1","5","1","5","2","4","3","1","3","3","3","4","2","Travel_Rarely","26","1","No","No"
"18","34","Male","Divorced","2","Medical","Research & Development","Laboratory Technician","1","2661","11","1","3","2","2","2","1","2","2","3","4","3","3","3","Travel_Rarely","19","0","No","No"
"19","28","Male","Single","3","Life Sciences","Research & Development","Laboratory Technician","1","2028","14","0","6","4","4","2","0","3","3","2","3","3","2","3","Travel_Rarely","24","5","Yes","Yes"
"20","29","Female","Divorced","4","Life Sciences","Research & Development","Manufacturing Director","3","9980","11","1","10","1","10","9","8","8","2","4","1","3","3","3","Travel_Rarely","21","1","No","No"
"21","32","Male","Divorced","2","Life Sciences","Research & Development","Research Scientist","1","3298","12","2","7","5","6","2","0","5","1","4","2","3","4","2","Travel_Rarely","5","0","Yes","No"
"22","22","Male","Divorced","2","Medical","Research & Development","Laboratory Technician","1","2935","13","2","1","2","1","0","0","0","4","4","4","3","2","2","Non-Travel","16","1","Yes","No"
"23","53","Female","Married","4","Life Sciences","Sales","Manager","4","15427","16","0","31","3","25","8","3","7","1","2","4","3","3","3","Travel_Rarely","2","2","No","No"
"24","38","Male","Single","3","Life Sciences","Research & Development","Research Scientist","1","3944","11","0","6","3","3","2","1","2","4","3","4","3","3","3","Travel_Rarely","2","5","Yes","No"
"26","24","Female","Divorced","2","Other","Research & Development","Manufacturing Director","2","4011","18","1","5","5","4","2","1","3","1","4","3","3","4","2","Non-Travel","11","0","No","No"
"27","36","Male","Single","4","Life Sciences","Sales","Sales Representative","1","3407","23","0","10","4","5","3","0","3","3","2","1","4","2","3","Travel_Rarely","9","7","No","Yes"
"28","34","Female","Single","4","Life Sciences","Research & Development","Research Director","3","11994","11","0","13","4","12","6","2","11","1","3","2","3","3","3","Travel_Rarely","7","0","No","No"
"30","21","Male","Single","2","Life Sciences","Research & Development","Research Scientist","1","1232","14","0","0","6","0","0","0","0","3","3","4","3","4","3","Travel_Rarely","15","1","No","No"
"31","34","Male","Single","1","Medical","Research & Development","Research Scientist","1","2960","11","0","8","2","4","2","1","3","2","3","1","3","3","3","Travel_Rarely","6","2","No","Yes"
"32","53","Female","Divorced","3","Other","Research & Development","Manager","5","19094","11","1","26","3","14","13","4","8","3","3","3","3","4","2","Travel_Rarely","5","4","No","No"
"33","32","Female","Single","1","Life Sciences","Research & Development","Research Scientist","1","3919","22","0","10","5","10","2","6","7","2","1","1","4","2","3","Travel_Frequently","16","1","Yes","Yes"
"35","42","Male","Married","4","Marketing","Sales","Sales Executive","2","6825","11","1","10","2","9","7","4","2","3","3","2","3","4","3","Travel_Rarely","8","0","No","No"
"36","44","Female","Married","4","Medical","Research & Development","Healthcare Representative","3","10248","14","1","24","4","22","6","5","17","1","2","4","3","4","3","Travel_Rarely","7","3","No","No"
"38","46","Female","Single","4","Marketing","Sales","Manager","5","18947","12","0","22","2","2","2","2","1","2","3","1","3","4","2","Travel_Rarely","2","3","No","No"
"39","33","Male","Single","3","Medical","Research & Development","Laboratory Technician","1","2496","11","0","7","3","1","1","0","0","3","3","4","3","4","3","Travel_Rarely","2","4","No","No"
"40","44","Male","Married","4","Other","Research & Development","Healthcare Representative","2","6465","13","0","9","5","4","2","1","3","4","3","4","3","4","4","Travel_Rarely","10","2","Yes","No"
"41","30","Male","Single","2","Medical","Research & Development","Laboratory Technician","1","2206","13","0","10","5","10","0","1","8","4","2","3","3","1","3","Travel_Rarely","9","1","No","No"
"42","39","Male","Married","3","Technical Degree","Sales","Sales Representative","2","2086","14","1","19","6","1","0","0","0","4","3","4","3","3","4","Travel_Rarely","5","3","No","Yes"
"45","24","Male","Married","3","Medical","Research & Development","Research Scientist","1","2293","16","1","6","2","2","0","2","0","2","3","4","3","1","2","Travel_Rarely","1","2","Yes","Yes"
"46","43","Female","Divorced","2","Medical","Research & Development","Research Scientist","1","2645","12","2","6","3","5","3","1","4","4","4","3","3","4","2","Travel_Rarely","2","1","No","No"
"47","50","Male","Married","2","Marketing","Sales","Sales Representative","1","2683","14","0","3","2","3","2","0","2","1","2","3","3","3","3","Travel_Rarely","3","1","Yes","Yes"
"49","35","Female","Married","3","Marketing","Sales","Sales Representative","1","2014","13","0","2","3","2","2","2","2","4","3","4","3","1","3","Travel_Rarely","2","1","No","No"
"51","36","Female","Married","4","Life Sciences","Research & Development","Research Scientist","1","3419","14","1","6","3","1","1","0","0","2","2","1","3","4","4","Travel_Rarely","5","9","Yes","No"
"52","33","Female","Married","3","Life Sciences","Sales","Sales Executive","2","5376","19","2","10","3","5","3","1","3","3","4","1","3","1","3","Travel_Frequently","1","2","No","No"
"53","35","Male","Divorced","2","Other","Research & Development","Laboratory Technician","1","1951","12","1","1","3","1","0","0","0","3","3","4","3","3","3","Travel_Rarely","4","1","No","No"
"54","27","Female","Divorced","4","Life Sciences","Research & Development","Laboratory Technician","1","2341","13","1","1","6","1","0","0","0","4","3","1","3","4","3","Travel_Rarely","2","1","No","No"
"55","26","Male","Single","3","Life Sciences","Research & Development","Laboratory Technician","1","2293","12","0","1","2","1","0","0","1","1","1","3","3","3","2","Travel_Rarely","25","1","No","Yes"
"56","27","Male","Single","3","Life Sciences","Sales","Sales Executive","3","8726","15","0","9","0","9","8","1","7","4","3","3","3","4","3","Travel_Frequently","8","1","No","No"
"57","30","Female","Single","2","Medical","Research & Development","Laboratory Technician","2","4011","23","0","12","2","12","8","3","7","3","3","4","4","4","3","Travel_Frequently","1","1","No","No"
"58","41","Female","Married","3","Technical Degree","Research & Development","Research Director","5","19545","12","0","23","0","22","15","15","8","2","3","3","3","4","3","Travel_Rarely","12","1","No","Yes"
"60","34","Male","Single","4","Marketing","Sales","Sales Executive","2","4568","20","0","10","2","9","5","8","7","2","3","3","4","3","3","Non-Travel","23","0","No","No"
"61","37","Male","Married","2","Life Sciences","Research & Development","Research Scientist","1","3022","21","0","8","1","1","0","0","0","2","3","2","4","1","3","Travel_Rarely","19","4","No","No"
"62","46","Male","Single","4","Marketing","Sales","Sales Executive","2","5772","21","0","14","4","9","6","0","8","1","3","4","4","3","3","Travel_Frequently","5","4","Yes","No"
"63","35","Male","Married","1","Life Sciences","Research & Development","Laboratory Technician","1","2269","19","0","1","2","1","0","0","1","4","4","4","3","4","3","Travel_Rarely","8","1","No","No"
"64","48","Male","Single","2","Life Sciences","Research & Development","Laboratory Technician","3","5381","13","0","23","2","1","0","0","0","1","2","3","3","4","3","Travel_Rarely","1","9","Yes","Yes"
"65","28","Male","Single","4","Technical Degree","Research & Development","Laboratory Technician","1","3441","13","0","2","3","2","2","2","2","3","3","3","3","3","2","Travel_Rarely","5","1","Yes","Yes"
"68","44","Female","Divorced","5","Marketing","Sales","Sales Executive","2","5454","21","1","9","2","4","3","1","3","2","3","1","4","3","2","Travel_Rarely","1","5","Yes","No"
"70","35","Male","Married","2","Medical","Research & Development","Healthcare Representative","3","9884","13","1","10","3","4","0","2","3","3","2","1","3","3","3","Non-Travel","11","2","Yes","No"
"72","26","Female","Married","3","Marketing","Sales","Sales Executive","2","4157","19","1","5","2","2","2","0","0","3","2","4","3","3","2","Travel_Rarely","23","7","Yes","No"
"73","33","Female","Single","2","Life Sciences","Research & Development","Research Director","3","13458","12","0","15","1","15","14","8","12","1","3","4","3","3","3","Travel_Frequently","1","1","Yes","No"
"74","35","Male","Married","5","Life Sciences","Sales","Sales Executive","3","9069","22","1","9","3","9","8","1","8","2","3","1","4","4","2","Travel_Frequently","18","1","No","No"
"75","35","Female","Married","4","Medical","Research & Development","Laboratory Technician","1","4014","15","1","4","3","2","2","2","2","3","3","1","3","3","3","Travel_Rarely","23","3","Yes","No"
"76","31","Male","Divorced","4","Life Sciences","Research & Development","Laboratory Technician","2","5915","22","1","10","3","7","7","1","7","4","3","4","4","4","2","Travel_Rarely","7","3","No","No"
"77","37","Male","Divorced","4","Life Sciences","Research & Development","Manufacturing Director","2","5993","18","1","7","2","7","5","0","7","1","2","3","3","3","4","Travel_Rarely","1","1","No","No"
"78","32","Male","Married","3","Medical","Research & Development","Manufacturing Director","2","6162","22","1","9","3","9","8","7","8","1","3","4","4","2","3","Travel_Rarely","1","1","Yes","No"
"79","38","Female","Single","5","Life Sciences","Research & Development","Laboratory Technician","2","2406","11","0","10","2","10","3","9","9","4","3","4","3","4","3","Travel_Frequently","29","1","No","No"
"80","50","Female","Divorced","2","Medical","Research & Development","Research Director","5","18740","12","1","29","2","27","3","13","8","2","2","3","3","4","2","Travel_Rarely","7","5","Yes","No"
"81","59","Female","Single","3","Life Sciences","Sales","Sales Executive","3","7637","11","0","28","3","21","16","7","9","1","3","1","3","4","2","Travel_Rarely","25","7","No","No"
"83","36","Female","Divorced","3","Technical Degree","Research & Development","Healthcare Representative","3","10096","13","3","17","2","17","14","12","8","3","3","3","3","2","3","Travel_Rarely","8","1","No","No"
"84","55","Female","Divorced","3","Medical","Research & Development","Manager","4","14756","14","3","21","2","5","0","0","2","4","3","3","3","3","3","Travel_Rarely","8","2","Yes","No"
"85","36","Male","Single","3","Life Sciences","Research & Development","Manufacturing Director","2","6499","13","0","6","3","6","5","0","3","2","2","2","3","3","3","Travel_Frequently","11","1","No","No"
"86","45","Male","Divorced","3","Life Sciences","Research & Development","Research Scientist","3","9724","17","1","25","2","1","0","0","0","2","3","1","3","3","3","Travel_Rarely","7","2","No","No"
"88","35","Male","Married","3","Medical","Research & Development","Research Scientist","1","2194","13","1","5","2","3","2","1","2","2","3","1","3","4","2","Travel_Frequently","1","4","No","No"
"90","36","Male","Married","3","Medical","Research & Development","Research Scientist","1","3388","17","1","2","0","1","0","0","0","4","2","3","3","1","2","Travel_Rarely","9","0","Yes","Yes"
"91","59","Female","Single","1","Life Sciences","Sales","Sales Executive","2","5473","11","0","20","2","4","3","1","3","1","2","3","3","4","2","Travel_Frequently","1","7","No","No"
"94","29","Male","Married","3","Life Sciences","Research & Development","Research Scientist","1","2703","23","1","6","3","5","4","0","4","3","3","2","4","4","3","Travel_Rarely","2","0","No","No"
"95","31","Male","Single","4","Medical","Research & Development","Research Scientist","1","2501","17","0","1","4","1","1","1","0","3","3","2","3","2","3","Travel_Rarely","1","1","No","No"
"96","32","Male","Married","3","Life Sciences","Research & Development","Research Scientist","2","6220","17","2","10","3","10","4","0","9","2","3","2","3","2","3","Travel_Rarely","1","1","No","No"
"97","36","Female","Married","3","Life Sciences","Research & Development","Laboratory Technician","1","3038","12","0","5","3","1","0","0","0","2","4","4","3","2","3","Travel_Rarely","6","3","No","No"
"98","31","Female","Single","4","Life Sciences","Research & Development","Manufacturing Director","2","4424","23","0","11","2","11","7","1","8","3","3","4","4","4","3","Travel_Rarely","8","1","No","No"
"100","35","Male","Single","4","Marketing","Sales","Sales Executive","2","4312","14","0","16","2","15","13","2","8","3","2","1","3","2","3","Travel_Rarely","1","0","No","No"
"101","45","Male","Married","4","Other","Research & Development","Research Director","3","13245","14","0","17","3","0","0","0","0","4","3","1","3","2","4","Travel_Rarely","6","4","Yes","No"
"102","37","Male","Single","4","Medical","Research & Development","Research Director","3","13664","13","0","16","3","5","2","0","2","1","3","3","3","1","4","Travel_Rarely","7","4","No","No"
"103","46","Male","Divorced","2","Medical","Human Resources","Human Resources","2","5021","22","1","16","2","4","2","0","2","2","3","2","4","4","3","Travel_Rarely","5","8","Yes","No"
"104","30","Male","Married","1","Life Sciences","Research & Development","Laboratory Technician","2","5126","12","2","10","1","10","8","3","0","4","2","4","3","3","2","Travel_Rarely","1","1","Yes","No"
"105","35","Male","Single","3","Medical","Research & Development","Research Scientist","1","2859","18","0","6","3","6","4","0","4","2","2","3","3","1","3","Travel_Rarely","1","1","No","No"
"106","55","Male","Married","2","Life Sciences","Sales","Sales Executive","3","10239","14","1","24","4","1","0","1","0","1","3","4","3","4","3","Travel_Rarely","1","3","No","No"
"107","38","Female","Divorced","3","Medical","Research & Development","Research Scientist","2","5329","12","3","17","3","13","11","1","9","2","1","4","3","4","3","Non-Travel","6","7","Yes","No"
"110","34","Male","Married","2","Medical","Research & Development","Manufacturing Director","2","4325","15","0","5","2","5","2","1","3","1","3","2","3","3","3","Travel_Rarely","1","1","No","No"
"112","56","Male","Single","3","Life Sciences","Research & Development","Manufacturing Director","3","7260","11","0","37","3","6","4","0","2","4","1","4","3","1","2","Travel_Rarely","7","4","No","No"
"113","23","Male","Divorced","1","Technical Degree","Sales","Sales Representative","1","2322","13","1","3","3","0","0","0","0","3","3","1","3","3","3","Travel_Rarely","2","3","No","No"
"116","51","Male","Married","4","Life Sciences","Research & Development","Laboratory Technician","1","2075","23","2","10","4","4","2","0","3","4","3","4","4","2","3","Travel_Rarely","9","3","No","No"
"117","30","Male","Married","3","Life Sciences","Research & Development","Healthcare Representative","2","4152","19","3","11","3","11","10","10","8","3","2","4","3","1","3","Travel_Rarely","2","1","No","No"
"118","46","Male","Single","2","Medical","Sales","Sales Executive","3","9619","16","0","9","3","9","8","4","7","3","2","4","3","4","3","Travel_Rarely","9","1","No","Yes"
"119","40","Male","Married","4","Life Sciences","Research & Development","Healthcare Representative","4","13503","22","1","22","3","22","3","11","11","3","2","2","4","4","2","Travel_Frequently","1","1","No","No"
"120","51","Male","Single","4","Marketing","Sales","Sales Executive","2","5441","22","0","11","2","10","7","1","0","3","3","4","4","4","1","Travel_Rarely","21","0","Yes","No"
"121","30","Female","Divorced","2","Medical","Sales","Sales Executive","2","5209","12","3","11","4","11","8","2","7","3","2","2","3","2","2","Travel_Rarely","4","1","Yes","No"
"124","46","Male","Married","3","Medical","Research & Development","Healthcare Representative","3","10673","13","1","21","5","10","9","9","5","3","2","1","3","3","2","Travel_Frequently","1","2","Yes","No"
"125","32","Male","Single","4","Medical","Sales","Sales Executive","2","5010","16","0","12","0","11","8","5","7","2","3","3","3","1","3","Travel_Rarely","6","1","No","No"
"126","54","Female","Married","4","Technical Degree","Research & Development","Research Director","3","13549","12","1","16","5","4","3","0","3","1","3","3","3","1","1","Travel_Rarely","2","9","No","No"
"128","24","Female","Married","2","Other","Sales","Sales Executive","2","4999","21","1","4","2","3","2","0","2","1","3","3","4","1","2","Travel_Rarely","3","0","No","No"
"129","28","Male","Married","3","Medical","Sales","Sales Executive","2","4221","15","0","5","3","5","4","0","4","2","3","3","3","2","4","Non-Travel","4","1","No","No"
"131","58","Male","Single","4","Medical","Sales","Sales Executive","4","13872","13","0","38","1","37","10","1","8","4","3","3","3","3","2","Travel_Rarely","10","0","No","No"
"132","44","Male","Married","3","Medical","Research & Development","Laboratory Technician","2","2042","12","1","17","3","3","2","1","2","2","3","2","3","3","4","Non-Travel","23","4","No","No"
"133","37","Male","Divorced","4","Human Resources","Human Resources","Human Resources","1","2073","22","0","7","3","3","2","0","2","3","3","1","4","4","3","Travel_Rarely","6","4","Yes","Yes"
"134","32","Male","Single","1","Life Sciences","Research & Development","Research Scientist","1","2956","13","0","1","2","1","0","0","0","4","3","1","3","4","3","Travel_Rarely","1","1","No","No"
"137","20","Female","Single","3","Life Sciences","Research & Development","Laboratory Technician","1","2926","18","0","1","5","1","0","1","0","4","2","4","3","2","3","Travel_Frequently","6","1","Yes","Yes"
"138","34","Female","Single","4","Other","Research & Development","Research Scientist","2","4809","14","0","16","3","16","13","2","10","1","3","3","3","3","3","Travel_Rarely","6","1","No","No"
"139","37","Male","Divorced","2","Life Sciences","Research & Development","Healthcare Representative","2","5163","14","1","17","2","1","0","0","0","3","2","4","3","4","4","Non-Travel","2","5","No","No"
"140","59","Female","Married","4","Human Resources","Human Resources","Manager","5","18844","21","1","30","3","3","2","2","2","3","2","4","4","4","3","Non-Travel","2","9","No","No"
"141","50","Female","Married","3","Life Sciences","Research & Development","Research Director","5","18172","19","0","28","1","8","3","0","7","1","3","2","3","1","2","Travel_Frequently","1","3","Yes","No"
"142","25","Male","Single","3","Marketing","Sales","Sales Executive","2","5744","11","0","6","1","6","4","0","3","3","2","3","3","4","3","Travel_Rarely","5","1","Yes","Yes"
"143","25","Male","Married","1","Medical","Research & Development","Research Scientist","1","2889","11","2","2","2","2","2","2","1","4","2","4","3","3","3","Travel_Rarely","7","1","No","No"
"144","22","Female","Single","3","Medical","Research & Development","Laboratory Technician","1","2871","15","0","1","5","0","0","0","0","2","3","4","3","3","3","Travel_Rarely","15","1","No","No"
"145","51","Female","Single","4","Medical","Research & Development","Healthcare Representative","3","7484","20","0","23","1","13","12","12","8","1","2","1","4","3","2","Travel_Frequently","1","3","No","No"
"147","34","Male","Single","3","Life Sciences","Research & Development","Laboratory Technician","2","6074","24","0","9","3","9","7","0","6","1","1","3","4","4","3","Travel_Frequently","7","1","Yes","Yes"
"148","54","Female","Single","3","Human Resources","Human Resources","Manager","4","17328","12","0","23","3","5","3","4","4","4","4","4","3","3","3","Non-Travel","26","2","Yes","No"
"150","24","Male","Married","1","Life Sciences","Research & Development","Laboratory Technician","1","2774","12","1","6","2","5","3","1","2","2","3","3","3","3","3","Travel_Rarely","18","0","No","No"
"151","34","Female","Divorced","4","Life Sciences","Research & Development","Research Scientist","2","4505","15","1","12","3","1","0","0","0","3","2","2","3","3","3","Travel_Rarely","6","6","No","No"
"152","37","Male","Single","3","Life Sciences","Sales","Sales Executive","3","7428","12","0","12","3","5","3","1","3","3","3","4","3","1","3","Travel_Rarely","3","2","No","No"
"153","34","Female","Single","3","Medical","Research & Development","Manager","3","11631","12","0","14","6","11","10","5","8","3","2","1","3","4","3","Travel_Rarely","5","2","No","No"
"154","36","Female","Married","2","Technical Degree","Sales","Sales Executive","3","9738","14","1","10","6","9","7","2","8","2","3","4","3","3","3","Travel_Frequently","11","0","No","No"
"155","36","Female","Divorced","2","Life Sciences","Research & Development","Laboratory Technician","1","2835","22","1","7","2","1","0","0","0","1","3","4","4","1","3","Travel_Rarely","3","5","No","No"
"158","43","Male","Married","2","Life Sciences","Sales","Manager","4","16959","12","2","25","3","25","12","4","12","3","3","4","3","4","4","Travel_Frequently","26","1","Yes","No"
"159","30","Male","Divorced","3","Life Sciences","Research & Development","Research Scientist","1","2613","25","3","10","2","10","7","0","9","1","1","3","4","3","2","Travel_Frequently","23","1","No","No"
"160","33","Male","Married","2","Marketing","Sales","Sales Executive","2","6146","13","1","8","2","7","7","0","7","3","3","2","3","1","4","Non-Travel","22","0","No","No"
"161","56","Female","Married","4","Life Sciences","Research & Development","Research Scientist","1","4963","18","3","7","2","5","4","4","3","2","3","2","3","1","3","Travel_Rarely","14","9","Yes","Yes"
"162","51","Male","Single","3","Life Sciences","Research & Development","Research Director","5","19537","13","0","23","5","20","18","15","15","1","3","3","3","3","3","Travel_Rarely","6","7","No","No"
"163","31","Male","Married","4","Life Sciences","Sales","Sales Executive","2","6172","18","0","12","3","7","7","7","7","2","1","3","3","2","2","Travel_Rarely","6","4","Yes","Yes"
"164","26","Female","Married","3","Other","Research & Development","Research Scientist","1","2368","19","0","5","3","5","4","4","3","3","2","2","3","3","2","Travel_Rarely","6","1","No","No"
"165","58","Female","Married","4","Medical","Research & Development","Healthcare Representative","3","10312","12","1","40","3","40","10","15","6","4","3","4","3","4","2","Travel_Rarely","23","1","No","Yes"
"167","19","Male","Single","1","Marketing","Sales","Sales Representative","1","1675","19","0","0","2","0","0","0","0","4","3","3","3","4","2","Travel_Rarely","22","1","Yes","Yes"
"169","22","Male","Married","1","Technical Degree","Research & Development","Laboratory Technician","1","2523","14","1","3","2","2","1","2","1","3","3","4","3","3","3","Travel_Rarely","2","0","No","No"
"170","49","Female","Married","4","Medical","Research & Development","Manufacturing Director","2","6567","14","0","16","2","15","11","5","11","3","3","1","3","3","2","Travel_Rarely","20","1","No","No"
"171","43","Female","Single","3","Medical","Research & Development","Research Scientist","1","4739","12","0","18","2","3","2","1","2","2","4","3","3","4","3","Travel_Frequently","28","4","No","No"
"174","50","Female","Single","3","Marketing","Sales","Sales Executive","3","9208","11","0","16","3","2","2","2","1","3","3","4","3","4","3","Travel_Frequently","12","4","No","No"
"175","31","Female","Married","3","Life Sciences","Sales","Sales Executive","2","4559","11","1","4","2","2","2","2","2","2","1","3","3","3","3","Travel_Rarely","20","3","Yes","Yes"
"176","41","Male","Divorced","1","Life Sciences","Sales","Sales Executive","3","8189","13","1","12","2","9","7","0","7","3","3","3","3","3","3","Travel_Rarely","9","3","Yes","No"
"177","26","Female","Married","1","Life Sciences","Human Resources","Human Resources","1","2942","23","1","8","3","8","7","5","7","3","3","3","4","4","3","Travel_Rarely","25","1","No","No"
"178","36","Male","Divorced","2","Medical","Research & Development","Manufacturing Director","2","4941","20","2","7","0","3","2","0","1","2","3","2","4","4","3","Travel_Rarely","6","6","No","No"
"179","51","Male","Single","4","Life Sciences","Research & Development","Manufacturing Director","3","10650","15","0","18","2","4","2","0","3","1","1","4","3","4","3","Travel_Frequently","8","2","No","Yes"
"182","39","Female","Married","4","Life Sciences","Sales","Sales Executive","2","5902","14","1","17","1","15","11","5","9","4","2","3","3","3","4","Travel_Rarely","4","4","No","No"
"183","25","Male","Married","3","Life Sciences","Sales","Sales Executive","2","8639","18","0","6","3","2","2","2","2","1","2","3","3","4","3","Travel_Rarely","28","2","No","No"
"184","30","Male","Married","3","Human Resources","Human Resources","Human Resources","2","6347","19","0","12","2","11","9","4","7","3","3","4","3","4","1","Travel_Rarely","9","0","Yes","No"
"190","32","Female","Single","3","Medical","Research & Development","Laboratory Technician","1","4200","22","0","10","2","5","4","0","4","1","3","1","4","1","4","Travel_Rarely","9","7","No","Yes"
"192","45","Male","Single","3","Medical","Research & Development","Research Scientist","1","3452","13","0","9","2","6","5","0","3","3","3","4","3","2","2","Travel_Rarely","29","5","No","No"
"193","38","Female","Single","5","Technical Degree","Research & Development","Research Scientist","2","4317","20","0","19","2","3","2","2","2","4","3","3","4","2","3","Travel_Rarely","3","3","Yes","No"
"194","30","Female","Single","3","Life Sciences","Research & Development","Research Scientist","1","2632","14","0","5","4","5","4","0","4","1","3","3","3","3","2","Travel_Rarely","18","1","No","No"
"195","32","Male","Divorced","2","Medical","Sales","Sales Executive","2","4668","17","3","9","2","8","7","0","7","4","1","4","3","4","4","Travel_Frequently","9","0","No","No"
"197","30","Female","Divorced","3","Technical Degree","Research & Development","Research Scientist","1","3204","14","1","8","3","3","2","2","2","4","3","1","3","4","3","Travel_Rarely","5","5","No","No"
"198","30","Male","Single","1","Medical","Research & Development","Laboratory Technician","1","2720","13","0","6","3","5","3","1","2","2","2","4","3","4","3","Travel_Rarely","2","0","No","No"
"199","41","Male","Divorced","3","Life Sciences","Research & Development","Manager","4","17181","13","1","21","2","7","6","7","7","4","2","1","3","2","2","Travel_Frequently","10","4","No","No"
"200","41","Male","Married","4","Life Sciences","Research & Development","Laboratory Technician","1","2238","21","1","7","2","5","0","1","4","3","3","1","4","4","3","Travel_Rarely","9","2","No","No"
"201","19","Female","Single","1","Medical","Research & Development","Laboratory Technician","1","1483","14","0","1","3","1","0","0","0","2","3","2","3","4","3","Travel_Rarely","3","1","No","No"
"202","40","Female","Divorced","3","Medical","Research & Development","Research Scientist","2","5605","11","1","20","2","20","7","2","13","2","3","2","3","1","3","Travel_Frequently","26","1","No","No"
"204","35","Male","Married","5","Marketing","Sales","Sales Executive","3","7295","13","2","10","3","10","8","0","6","3","3","2","3","1","3","Travel_Rarely","1","1","No","No"
"205","53","Male","Married","2","Marketing","Sales","Sales Representative","2","2306","20","1","13","3","7","7","4","5","2","3","3","4","4","1","Travel_Rarely","6","2","Yes","No"
"206","45","Male","Divorced","3","Life Sciences","Research & Development","Laboratory Technician","2","2348","18","1","20","2","17","9","0","15","2","3","2","3","3","1","Travel_Rarely","9","8","No","No"
"207","32","Female","Single","3","Marketing","Sales","Sales Executive","3","8998","14","0","9","2","9","8","3","7","2","3","4","3","4","3","Travel_Frequently","8","1","No","No"
"208","29","Male","Married","1","Technical Degree","Research & Development","Manufacturing Director","2","4319","13","1","10","1","10","7","0","9","4","3","3","3","1","3","Non-Travel","1","1","No","No"
"211","51","Male","Married","4","Medical","Research & Development","Manufacturing Director","2","6132","17","0","10","2","1","0","0","0","2","2","3","3","3","3","Travel_Rarely","7","2","No","No"
"214","58","Female","Married","3","Medical","Research & Development","Research Scientist","1","3346","20","1","9","3","1","0","0","0","2","2","2","4","2","2","Travel_Rarely","9","4","Yes","No"
"215","40","Male","Married","4","Marketing","Sales","Sales Executive","3","10855","11","1","15","2","12","11","2","11","3","2","4","3","1","2","Travel_Rarely","4","7","No","No"
"216","34","Female","Married","4","Marketing","Sales","Sales Representative","1","2231","18","1","6","3","4","3","1","2","3","3","3","3","4","3","Travel_Frequently","2","6","No","No"
"217","22","Male","Married","1","Medical","Research & Development","Research Scientist","1","2323","24","2","2","6","2","2","2","2","3","3","4","4","1","3","Travel_Rarely","19","1","No","No"
"218","27","Male","Divorced","3","Medical","Research & Development","Research Scientist","1","2024","18","1","6","1","2","2","2","2","4","3","2","3","4","1","Non-Travel","9","6","No","No"
"221","28","Male","Married","3","Medical","Research & Development","Research Scientist","1","2713","11","1","5","2","5","2","0","2","3","3","4","3","3","1","Travel_Rarely","21","1","No","No"
"223","57","Male","Divorced","2","Life Sciences","Research & Development","Healthcare Representative","3","9439","16","1","12","2","5","3","1","4","3","4","4","3","2","1","Travel_Rarely","24","3","Yes","No"
"224","27","Male","Divorced","3","Medical","Research & Development","Research Scientist","1","2566","15","1","1","2","1","1","0","1","3","2","3","3","4","2","Non-Travel","3","1","Yes","No"
"226","50","Female","Single","3","Life Sciences","Research & Development","Manager","5","19926","15","0","21","5","5","4","4","4","3","3","2","3","2","3","Travel_Rarely","11","3","No","No"
"227","41","Male","Divorced","3","Life Sciences","Research & Development","Research Scientist","1","2451","12","1","13","2","9","8","1","8","1","3","3","3","1","3","Travel_Rarely","14","4","No","No"
"228","30","Female","Married","3","Life Sciences","Sales","Sales Executive","3","9419","12","1","12","2","10","9","7","4","2","3","4","3","3","3","Travel_Rarely","5","2","No","No"
"230","38","Female","Single","4","Life Sciences","Sales","Sales Executive","2","8686","22","0","12","2","8","3","0","7","1","2","4","4","3","4","Travel_Rarely","1","4","No","No"
"231","32","Male","Single","5","Life Sciences","Research & Development","Research Scientist","1","3038","20","0","8","2","5","4","1","4","3","3","3","4","1","3","Travel_Rarely","6","3","No","No"
"233","27","Male","Married","3","Technical Degree","Research & Development","Research Scientist","1","3058","16","1","6","3","5","2","1","1","3","3","2","3","4","2","Travel_Rarely","17","0","Yes","No"
"235","19","Female","Single","1","Technical Degree","Sales","Sales Representative","1","2325","21","0","1","5","0","0","0","0","3","1","1","4","1","4","Travel_Frequently","1","0","No","Yes"
"238","36","Male","Single","2","Medical","Research & Development","Laboratory Technician","1","2088","12","0","13","3","8","7","7","2","4","3","2","3","3","2","Travel_Frequently","3","4","No","No"
"239","30","Male","Divorced","3","Medical","Research & Development","Laboratory Technician","2","3072","11","2","12","4","12","9","6","10","3","3","1","3","3","3","Non-Travel","9","1","No","No"
"240","45","Female","Divorced","2","Life Sciences","Sales","Sales Executive","2","5006","11","1","9","3","5","4","0","3","3","3","1","3","1","4","Travel_Rarely","4","4","Yes","No"
"241","56","Female","Divorced","3","Life Sciences","Research & Development","Research Scientist","1","4257","18","1","19","3","2","2","2","2","3","3","1","3","3","3","Travel_Rarely","8","4","Yes","No"
"242","33","Male","Single","3","Life Sciences","Research & Development","Research Scientist","1","2500","14","0","4","2","3","1","0","2","3","3","4","3","1","4","Travel_Rarely","2","0","No","No"
"243","19","Male","Single","3","Life Sciences","Research & Development","Laboratory Technician","1","1102","22","0","1","3","1","0","1","0","2","2","4","4","3","2","Travel_Rarely","2","1","No","Yes"
"244","46","Female","Divorced","2","Marketing","Sales","Sales Executive","3","10453","25","3","24","2","24","13","15","7","2","3","1","4","3","3","Travel_Rarely","1","1","No","No"
"245","38","Female","Single","2","Life Sciences","Research & Development","Laboratory Technician","1","2288","12","0","2","3","2","2","2","1","3","3","4","3","3","3","Travel_Rarely","9","1","No","No"
"246","31","Female","Married","1","Medical","Research & Development","Research Scientist","1","3929","23","1","7","0","4","2","0","2","3","3","4","4","3","3","Travel_Rarely","12","8","Yes","No"
"247","34","Female","Single","2","Medical","Research & Development","Research Scientist","1","2311","15","0","9","3","3","2","1","2","4","3","2","3","4","3","Travel_Rarely","27","2","No","No"
"248","41","Female","Single","2","Marketing","Sales","Sales Representative","1","3140","22","0","4","5","4","3","0","2","2","3","2","4","4","2","Travel_Rarely","20","1","Yes","Yes"
"249","50","Male","Married","3","Medical","Research & Development","Laboratory Technician","1","3690","15","1","5","2","3","2","0","2","3","2","3","3","4","2","Travel_Rarely","1","2","No","No"
"250","53","Female","Divorced","2","Medical","Research & Development","Manufacturing Director","2","4450","11","2","5","3","4","2","1","3","4","4","1","3","3","3","Travel_Rarely","13","1","No","No"
"252","33","Female","Married","3","Medical","Research & Development","Research Scientist","1","2756","13","1","8","5","8","7","1","6","4","3","2","3","4","3","Travel_Rarely","14","1","No","No"
"253","40","Female","Married","1","Medical","Research & Development","Manager","5","19033","14","1","21","2","20","8","9","9","4","3","3","3","2","3","Travel_Rarely","4","1","No","No"
"254","55","Male","Single","4","Medical","Research & Development","Research Director","5","18722","11","0","36","3","24","15","2","15","3","4","2","3","4","3","Travel_Rarely","14","8","No","No"
"256","34","Male","Married","1","Life Sciences","Research & Development","Manufacturing Director","2","9547","17","0","10","2","10","9","1","9","4","2","3","3","3","2","Travel_Frequently","2","1","No","No"
"258","51","Female","Single","3","Medical","Research & Development","Healthcare Representative","4","13734","18","0","21","6","7","7","1","0","4","3","2","3","3","3","Travel_Rarely","3","3","No","No"
"259","52","Male","Married","4","Life Sciences","Research & Development","Manager","5","19999","14","1","34","5","33","18","11","9","3","2","3","3","1","3","Travel_Rarely","1","0","No","No"
"260","27","Female","Single","3","Medical","Research & Development","Research Scientist","1","2279","16","0","7","2","7","7","0","3","4","3","2","3","4","2","Travel_Rarely","9","1","No","No"
"261","35","Male","Married","2","Life Sciences","Research & Development","Manufacturing Director","2","5916","13","0","8","1","1","0","0","1","2","2","3","3","1","3","Travel_Rarely","23","3","Yes","Yes"
"262","43","Male","Divorced","3","Medical","Research & Development","Research Scientist","1","2089","14","3","7","3","5","4","2","2","4","4","4","3","4","4","Non-Travel","7","4","No","No"
"264","45","Male","Married","2","Medical","Research & Development","Manager","4","16792","23","1","22","1","20","8","11","8","1","2","4","4","4","3","Non-Travel","2","9","No","No"
"267","37","Male","Married","3","Life Sciences","Research & Development","Research Scientist","1","3564","12","1","8","3","8","7","1","7","2","4","1","3","1","2","Travel_Rarely","21","1","Yes","No"
"269","35","Female","Single","3","Medical","Research & Development","Laboratory Technician","2","4425","11","0","10","5","6","2","1","2","2","3","2","3","4","3","Travel_Frequently","2","5","No","No"
"270","42","Female","Divorced","2","Medical","Research & Development","Manufacturing Director","2","5265","16","1","11","5","5","3","0","2","3","3","3","3","2","3","Non-Travel","21","2","No","No"
"271","38","Male","Married","4","Life Sciences","Research & Development","Manufacturing Director","2","6553","14","0","14","3","1","0","0","0","4","3","3","3","2","3","Travel_Rarely","2","9","No","No"
"273","38","Male","Married","3","Technical Degree","Research & Development","Manufacturing Director","2","6261","18","1","9","3","7","7","1","7","4","3","4","3","1","1","Travel_Rarely","29","3","No","No"
"274","27","Male","Married","1","Technical Degree","Research & Development","Manufacturing Director","2","4298","19","1","6","1","2","2","2","0","3","2","1","3","3","3","Travel_Frequently","1","5","No","No"
"275","49","Male","Divorced","4","Life Sciences","Research & Development","Manufacturing Director","2","6804","15","2","7","0","7","7","1","7","4","3","4","3","1","3","Non-Travel","18","1","Yes","No"
"277","34","Male","Divorced","4","Medical","Research & Development","Research Scientist","1","3815","17","1","5","4","5","3","2","0","4","3","3","3","4","4","Travel_Frequently","10","1","Yes","No"
"281","40","Male","Married","2","Medical","Research & Development","Laboratory Technician","2","2741","15","1","15","2","7","2","3","7","3","3","4","3","3","4","Travel_Rarely","19","8","Yes","No"
"282","38","Male","Married","1","Medical","Research & Development","Healthcare Representative","2","6673","19","0","17","2","1","0","0","0","2","3","1","3","2","3","Travel_Rarely","29","7","Yes","Yes"
"283","29","Female","Married","3","Marketing","Sales","Sales Executive","3","7639","22","3","10","3","10","4","1","9","2","3","4","4","4","2","Travel_Rarely","27","1","No","Yes"
"284","22","Male","Divorced","3","Life Sciences","Research & Development","Research Scientist","1","2328","16","1","4","2","4","2","2","2","4","4","2","3","1","2","Travel_Rarely","5","1","Yes","No"
"286","36","Female","Single","1","Medical","Research & Development","Laboratory Technician","1","2153","13","0","8","2","8","1","1","7","2","3","4","3","1","3","Travel_Frequently","18","1","No","No"
"287","40","Male","Married","5","Life Sciences","Research & Development","Healthcare Representative","2","4876","14","1","5","5","3","2","0","2","4","2","4","3","4","1","Non-Travel","9","9","No","No"
"288","46","Male","Divorced","4","Medical","Research & Development","Healthcare Representative","3","9396","16","1","17","3","4","2","0","3","4","3","1","3","3","3","Travel_Rarely","1","7","No","No"
"291","32","Male","Married","4","Medical","Sales","Sales Executive","3","10400","11","0","14","2","14","8","9","8","4","1","4","3","3","2","Travel_Rarely","4","1","No","Yes"
"292","30","Male","Single","1","Life Sciences","Research & Development","Manufacturing Director","3","8474","22","0","12","2","11","8","5","8","3","2","3","4","3","3","Non-Travel","1","1","No","No"
"293","27","Female","Single","3","Life Sciences","Sales","Sales Executive","2","9981","14","0","7","2","7","7","0","7","4","3","3","3","4","3","Travel_Frequently","20","1","No","No"
"296","51","Male","Married","4","Life Sciences","Research & Development","Research Director","3","12490","16","2","16","5","10","9","4","7","2","2","2","3","4","1","Travel_Rarely","8","5","No","No"
"297","30","Female","Single","3","Technical Degree","Research & Development","Research Scientist","1","2657","11","0","8","5","5","2","0","4","4","3","1","3","3","3","Travel_Rarely","3","5","Yes","Yes"
"298","41","Female","Single","3","Life Sciences","Sales","Manager","3","13591","18","0","16","3","1","0","0","0","4","3","4","3","3","3","Travel_Rarely","6","3","Yes","No"
"299","30","Female","Single","4","Marketing","Sales","Sales Executive","2","6696","15","0","9","5","6","3","0","1","3","2","1","3","3","2","Travel_Frequently","26","5","No","Yes"
"300","29","Male","Single","3","Technical Degree","Research & Development","Research Scientist","1","2058","14","0","7","1","6","2","1","5","3","3","3","3","4","2","Travel_Rarely","1","0","No","Yes"
"302","45","Female","Single","3","Medical","Sales","Sales Executive","3","8865","12","0","23","2","19","7","12","8","4","2","4","3","4","3","Non-Travel","6","6","No","No"
"303","54","Female","Married","3","Marketing","Sales","Sales Executive","2","5940","14","1","16","4","6","2","0","5","4","3","1","3","4","3","Travel_Rarely","3","2","No","No"
"304","36","Male","Single","2","Life Sciences","Research & Development","Laboratory Technician","2","5914","16","0","16","3","13","11","3","7","4","3","2","3","4","4","Travel_Rarely","5","8","No","No"
"305","33","Female","Married","4","Medical","Research & Development","Research Scientist","1","2622","21","0","7","3","3","2","1","1","3","2","2","4","4","3","Travel_Rarely","4","6","No","No"
"306","37","Male","Divorced","3","Other","Research & Development","Research Director","3","12185","14","3","10","1","10","8","0","7","2","3","4","3","3","3","Travel_Frequently","11","1","Yes","No"
"307","38","Male","Divorced","3","Life Sciences","Sales","Sales Executive","3","10609","12","2","17","6","16","10","5","13","1","3","3","3","3","2","Travel_Rarely","3","0","No","No"
"308","31","Male","Married","4","Medical","Research & Development","Manufacturing Director","2","4345","12","1","6","2","5","4","1","4","3","1","3","3","4","3","Non-Travel","1","0","No","No"
"309","59","Male","Married","3","Life Sciences","Research & Development","Research Scientist","1","2177","17","1","7","6","1","0","0","0","3","2","4","3","1","3","Travel_Rarely","3","3","No","No"
"311","37","Male","Divorced","4","Marketing","Sales","Sales Representative","1","2793","17","1","13","2","9","8","5","8","1","3","4","3","3","3","Travel_Frequently","4","4","No","No"
"312","29","Female","Married","1","Medical","Sales","Sales Executive","3","7918","14","1","11","5","11","10","4","1","2","3","4","3","4","3","Travel_Frequently","1","1","No","No"
"314","35","Female","Single","3","Marketing","Sales","Sales Executive","3","8789","14","0","10","3","10","7","0","8","3","3","3","3","1","4","Travel_Frequently","1","1","No","No"
"315","29","Male","Single","1","Medical","Research & Development","Research Scientist","1","2389","13","0","4","3","4","3","0","1","3","2","4","3","3","2","Travel_Rarely","18","1","Yes","Yes"
"316","52","Female","Single","3","Life Sciences","Research & Development","Laboratory Technician","1","3212","15","0","6","3","2","2","2","2","3","2","4","3","2","2","Travel_Rarely","2","7","No","No"
"319","42","Male","Married","2","Technical Degree","Research & Development","Manager","5","19232","11","0","22","3","22","17","11","15","3","3","4","3","4","3","Travel_Rarely","4","1","No","No"
"321","59","Male","Married","2","Medical","Human Resources","Human Resources","1","2267","17","0","7","2","2","2","2","2","2","3","3","3","4","2","Travel_Rarely","6","8","No","No"
"323","50","Female","Divorced","4","Medical","Sales","Manager","5","19517","11","1","32","3","7","0","0","6","4","3","4","3","3","2","Travel_Rarely","1","3","No","No"
"325","33","Male","Married","3","Medical","Research & Development","Laboratory Technician","1","2436","13","1","8","2","5","4","0","4","3","3","4","3","3","1","Travel_Rarely","14","5","Yes","Yes"
"327","43","Female","Married","3","Marketing","Sales","Manager","4","16064","22","1","22","3","17","13","1","9","4","3","4","4","3","3","Travel_Rarely","16","5","Yes","No"
"328","33","Female","Married","2","Life Sciences","Research & Development","Laboratory Technician","1","2707","20","0","13","3","9","7","1","7","1","3","1","4","1","4","Travel_Rarely","2","7","No","Yes"
"329","52","Male","Single","4","Life Sciences","Sales","Manager","5","19068","18","0","33","2","33","7","15","12","1","2","3","3","4","4","Non-Travel","2","1","Yes","No"
"330","32","Female","Married","2","Life Sciences","Sales","Sales Representative","1","3931","11","1","6","5","4","3","1","2","3","3","2","3","1","3","Travel_Rarely","4","2","No","No"
"331","32","Male","Single","3","Life Sciences","Research & Development","Laboratory Technician","1","3730","14","0","4","2","3","2","1","2","4","2","3","3","4","1","Travel_Rarely","1","0","Yes","Yes"
"332","39","Female","Divorced","4","Medical","Research & Development","Laboratory Technician","1","2232","14","3","7","1","3","2","1","2","3","3","3","3","3","3","Travel_Rarely","1","7","No","No"
"333","32","Male","Married","4","Marketing","Sales","Sales Executive","2","4465","18","0","4","2","3","2","2","2","3","3","4","3","1","3","Non-Travel","26","0","No","No"
"334","41","Male","Divorced","2","Life Sciences","Research & Development","Research Scientist","2","3072","16","2","17","2","1","0","0","0","3","3","1","3","1","2","Travel_Rarely","19","2","No","No"
"335","40","Male","Divorced","2","Technical Degree","Research & Development","Research Scientist","2","3319","17","2","9","3","9","8","4","7","1","3","4","3","1","3","Travel_Rarely","24","1","No","No"
"336","45","Male","Married","3","Other","Research & Development","Manager","5","19202","11","1","25","2","24","0","1","7","3","4","4","3","3","3","Travel_Rarely","1","0","No","No"
"337","31","Male","Divorced","4","Medical","Research & Development","Research Director","3","13675","12","1","9","3","2","2","2","2","2","3","3","3","1","3","Travel_Frequently","3","9","No","No"
"338","33","Female","Married","4","Life Sciences","Research & Development","Research Scientist","1","2911","13","1","2","2","2","2","0","2","3","2","4","3","3","2","Travel_Rarely","5","1","No","No"
"339","34","Male","Married","4","Life Sciences","Research & Development","Manufacturing Director","2","5957","13","1","13","3","11","9","5","9","4","2","1","3","2","3","Travel_Rarely","2","6","No","No"
"340","37","Female","Married","2","Medical","Research & Development","Research Scientist","1","3920","14","1","17","2","3","1","0","2","3","2","1","3","1","2","Travel_Rarely","1","2","No","No"
"341","45","Male","Married","4","Life Sciences","Research & Development","Manufacturing Director","2","6434","17","1","9","1","3","2","0","2","1","4","3","3","4","3","Travel_Frequently","7","4","No","No"
"342","37","Male","Divorced","3","Medical","Research & Development","Manufacturing Director","3","10048","11","2","17","5","1","0","0","0","1","3","3","3","2","3","Travel_Frequently","10","6","No","Yes"
"343","39","Female","Single","4","Technical Degree","Research & Development","Healthcare Representative","3","10938","25","0","20","1","19","6","11","8","3","3","3","4","4","3","Travel_Frequently","2","0","No","No"
"346","29","Male","Single","3","Life Sciences","Research & Development","Research Scientist","1","2340","19","0","6","1","6","5","1","5","3","3","4","3","1","3","Travel_Rarely","15","1","No","No"
"347","42","Female","Single","2","Life Sciences","Research & Development","Research Scientist","2","6545","13","0","10","1","3","2","0","2","4","4","1","3","3","3","Travel_Rarely","17","3","Yes","No"
"349","29","Male","Divorced","2","Marketing","Sales","Sales Executive","2","6931","14","1","10","2","3","2","0","2","4","3","4","3","4","3","Travel_Rarely","20","2","No","No"
"350","25","Female","Married","3","Life Sciences","Research & Development","Manufacturing Director","2","4898","12","2","5","3","4","2","1","2","1","3","3","3","4","3","Travel_Rarely","1","0","No","No"
"351","42","Female","Divorced","3","Medical","Research & Development","Laboratory Technician","1","2593","11","1","10","4","9","6","7","8","4","2","1","3","3","3","Travel_Rarely","2","0","Yes","No"
"352","40","Male","Divorced","2","Medical","Research & Development","Research Director","5","19436","19","1","22","5","21","7","3","9","1","3","3","3","4","3","Travel_Rarely","2","0","No","No"
"353","51","Male","Married","3","Life Sciences","Research & Development","Research Scientist","1","2723","11","0","1","0","1","0","0","0","3","3","4","3","2","2","Travel_Rarely","1","1","No","No"
"355","31","Male","Single","2","Medical","Research & Development","Laboratory Technician","1","3479","11","0","6","2","5","4","1","4","3","2","2","3","2","4","Travel_Frequently","29","0","No","Yes"
"359","32","Male","Married","3","Life Sciences","Research & Development","Laboratory Technician","1","2794","20","0","5","3","5","1","0","3","2","4","2","4","3","1","Travel_Frequently","7","1","No","No"
"361","38","Male","Married","2","Life Sciences","Sales","Sales Executive","2","5249","18","1","13","0","8","7","7","5","4","2","4","3","4","3","Non-Travel","2","3","No","No"
"362","32","Male","Single","1","Technical Degree","Research & Development","Laboratory Technician","2","2176","13","0","9","5","6","2","0","4","4","2","1","3","4","3","Travel_Rarely","2","4","No","No"
"363","46","Female","Married","3","Technical Degree","Sales","Manager","4","16872","12","1","28","2","7","7","7","7","3","1","2","3","2","2","Travel_Rarely","2","3","Yes","No"
"364","28","Male","Single","4","Life Sciences","Research & Development","Laboratory Technician","1","3485","11","0","5","5","0","0","0","0","1","3","3","3","3","1","Travel_Rarely","2","2","No","Yes"
"366","29","Male","Married","3","Medical","Sales","Sales Executive","2","6644","19","2","10","2","0","0","0","0","1","2","2","3","2","3","Travel_Rarely","2","2","No","No"
"367","31","Male","Married","3","Medical","Research & Development","Healthcare Representative","2","5582","21","1","10","2","9","0","7","8","2","2","4","4","2","3","Travel_Rarely","23","0","No","No"
"369","25","Male","Divorced","2","Life Sciences","Research & Development","Healthcare Representative","2","4000","12","2","6","2","6","3","1","5","2","4","1","3","4","3","Non-Travel","5","1","No","No"
"372","45","Male","Married","2","Medical","Research & Development","Healthcare Representative","4","13496","14","0","21","2","20","7","4","10","3","3","4","3","2","3","Travel_Rarely","20","0","Yes","No"
"373","36","Male","Married","3","Life Sciences","Research & Development","Laboratory Technician","1","3210","11","1","16","4","15","13","10","11","4","3","4","3","3","3","Travel_Rarely","6","0","No","No"
"374","55","Male","Single","3","Medical","Research & Development","Manager","5","19045","14","0","37","2","36","10","4","13","4","3","1","3","3","3","Travel_Rarely","1","0","Yes","No"
"376","47","Male","Married","4","Life Sciences","Research & Development","Manager","3","11849","12","1","10","2","10","7","9","9","1","3","2","3","4","2","Non-Travel","29","1","Yes","Yes"
"377","28","Male","Married","3","Medical","Research & Development","Research Scientist","1","2070","23","1","5","3","5","2","0","4","4","3","4","4","4","2","Travel_Rarely","9","1","No","No"
"378","37","Male","Married","4","Medical","Sales","Sales Executive","2","6502","14","1","7","5","5","4","0","1","3","3","4","3","2","4","Travel_Rarely","6","4","No","No"
"379","21","Male","Single","2","Medical","Research & Development","Research Scientist","1","3230","17","0","3","4","3","2","1","0","4","2","3","3","1","4","Travel_Rarely","3","1","No","No"
"380","37","Female","Divorced","4","Medical","Research & Development","Research Director","3","13603","18","2","15","2","5","2","0","2","1","3","4","3","1","3","Non-Travel","1","2","Yes","No"
"381","35","Female","Divorced","3","Life Sciences","Research & Development","Manager","3","11996","18","1","10","6","7","7","6","2","2","4","2","3","2","2","Travel_Rarely","22","7","No","No"
"382","38","Female","Divorced","2","Medical","Sales","Sales Executive","2","5605","24","1","8","3","8","0","7","7","1","4","1","4","3","3","Travel_Rarely","7","1","Yes","No"
"384","26","Female","Divorced","3","Life Sciences","Research & Development","Manufacturing Director","2","6397","20","1","6","6","6","5","1","4","3","3","2","4","1","1","Travel_Frequently","1","1","No","No"
"385","50","Male","Divorced","1","Life Sciences","Research & Development","Research Director","5","19144","14","2","28","4","10","4","1","6","1","3","2","3","1","2","Travel_Rarely","4","3","No","No"
"386","53","Male","Married","4","Medical","Research & Development","Research Director","4","17584","16","3","21","5","5","3","1","3","3","3","3","3","4","2","Travel_Rarely","3","3","Yes","No"
"387","42","Male","Married","1","Life Sciences","Sales","Sales Executive","2","4907","25","0","20","3","20","16","11","6","2","3","3","4","3","3","Travel_Rarely","1","1","No","No"
"388","29","Male","Single","2","Life Sciences","Sales","Sales Executive","2","4554","18","0","10","3","10","7","0","9","2","3","4","3","1","2","Travel_Frequently","2","1","No","No"
"389","55","Male","Married","2","Technical Degree","Research & Development","Laboratory Technician","2","5415","19","1","12","4","10","7","0","8","2","3","4","3","4","3","Travel_Rarely","20","3","Yes","No"
"390","26","Male","Married","2","Medical","Research & Development","Healthcare Representative","2","4741","13","1","5","3","5","3","3","3","1","3","1","3","3","3","Travel_Frequently","11","1","Yes","No"
"391","37","Female","Single","3","Life Sciences","Research & Development","Research Scientist","1","2115","12","0","17","3","17","12","5","7","4","3","4","3","2","3","Travel_Rarely","1","1","No","No"
"392","44","Male","Divorced","3","Life Sciences","Research & Development","Laboratory Technician","1","3161","22","1","19","0","1","0","0","0","4","3","3","4","4","1","Travel_Frequently","24","3","Yes","Yes"
"393","38","Male","Divorced","4","Life Sciences","Research & Development","Healthcare Representative","2","5745","14","1","10","2","2","2","1","2","4","3","4","3","2","3","Travel_Rarely","23","9","No","No"
"394","26","Male","Divorced","4","Medical","Research & Development","Laboratory Technician","1","2373","13","1","5","2","3","2","0","2","1","3","2","3","4","3","Travel_Rarely","16","2","Yes","Yes"
"395","28","Female","Single","2","Life Sciences","Research & Development","Research Scientist","1","3310","21","0","5","3","5","3","0","2","4","3","4","4","4","3","Travel_Rarely","8","1","No","No"
"396","49","Female","Single","4","Life Sciences","Research & Development","Research Director","5","18665","11","0","22","4","3","2","1","2","3","3","1","3","4","3","Travel_Frequently","10","9","Yes","No"
"397","36","Male","Single","3","Technical Degree","Research & Development","Research Scientist","2","4485","12","0","10","2","8","0","7","7","3","3","2","3","4","3","Travel_Rarely","3","4","No","No"
"399","31","Female","Divorced","3","Marketing","Sales","Sales Representative","1","2789","11","1","2","5","2","2","2","2","4","3","2","3","3","2","Travel_Frequently","5","1","No","No"
"401","26","Male","Single","4","Marketing","Sales","Sales Executive","2","5828","12","0","8","0","8","7","7","4","4","2","4","3","2","3","Travel_Rarely","4","1","Yes","Yes"
"403","37","Male","Married","3","Medical","Research & Development","Research Scientist","1","2326","12","3","4","3","4","2","1","2","2","3","4","3","3","2","Travel_Frequently","9","1","Yes","No"
"404","42","Female","Married","3","Marketing","Sales","Sales Executive","4","13525","14","1","23","2","20","4","4","8","3","3","2","3","4","4","Travel_Frequently","26","5","No","No"
"405","18","Male","Single","3","Life Sciences","Research & Development","Laboratory Technician","1","1420","13","0","0","2","0","0","0","0","3","3","3","3","3","3","Travel_Rarely","3","1","No","Yes"
"406","35","Male","Married","3","Marketing","Sales","Sales Executive","3","8020","15","2","12","3","11","9","6","9","3","3","2","3","3","2","Travel_Rarely","16","0","No","No"
"407","36","Male","Married","4","Life Sciences","Research & Development","Laboratory Technician","1","3688","18","2","4","2","1","0","0","0","3","4","4","3","4","3","Travel_Frequently","18","4","No","No"
"408","51","Male","Divorced","3","Medical","Research & Development","Manufacturing Director","2","5482","18","1","13","3","4","1","1","2","4","1","2","3","4","3","Travel_Rarely","2","5","No","No"
"410","41","Male","Single","4","Life Sciences","Sales","Manager","4","16015","19","0","22","2","22","10","0","4","4","3","2","3","2","3","Travel_Rarely","2","1","No","No"
"411","18","Female","Single","3","Medical","Sales","Sales Representative","1","1200","12","0","0","2","0","0","0","0","4","2","3","3","1","3","Travel_Rarely","10","1","No","No"
"412","28","Male","Single","2","Medical","Research & Development","Healthcare Representative","2","5661","19","0","9","2","8","3","0","7","2","4","1","3","3","3","Travel_Rarely","16","0","No","No"
"416","31","Male","Married","3","Technical Degree","Sales","Sales Executive","2","6929","11","1","10","3","8","7","7","7","2","4","4","3","2","2","Travel_Rarely","7","4","No","No"
"417","39","Male","Divorced","3","Medical","Research & Development","Healthcare Representative","3","9613","17","3","19","5","18","10","3","7","3","4","4","3","1","2","Travel_Rarely","1","0","No","No"
"419","36","Female","Married","4","Life Sciences","Research & Development","Laboratory Technician","2","5674","15","1","11","3","9","8","0","8","2","3","2","3","3","3","Non-Travel","24","7","No","No"
"420","32","Male","Married","3","Life Sciences","Sales","Sales Executive","2","5484","14","1","13","3","13","8","4","8","4","2","3","3","3","2","Travel_Rarely","7","1","No","No"
"421","38","Female","Married","2","Life Sciences","Research & Development","Research Director","3","12061","17","1","19","2","10","8","0","1","1","2","2","3","3","3","Travel_Rarely","25","3","No","No"
"422","58","Male","Divorced","4","Life Sciences","Research & Development","Healthcare Representative","2","5660","13","1","12","2","5","3","1","2","4","1","3","3","4","3","Non-Travel","1","2","Yes","No"
"423","31","Male","Married","4","Technical Degree","Research & Development","Research Scientist","1","4821","12","1","6","4","5","2","0","3","3","3","4","3","3","3","Travel_Rarely","5","0","Yes","No"
"424","31","Male","Married","3","Human Resources","Human Resources","Human Resources","2","6410","12","0","9","1","2","2","1","0","1","2","1","3","4","3","Travel_Rarely","2","3","No","No"
"425","45","Male","Divorced","3","Life Sciences","Research & Development","Laboratory Technician","3","5210","18","1","24","2","24","9","9","11","1","3","1","3","1","3","Travel_Frequently","7","1","No","No"
"426","31","Male","Divorced","4","Life Sciences","Research & Development","Research Scientist","1","2695","18","1","3","2","2","2","2","2","3","3","4","3","2","1","Travel_Rarely","2","0","Yes","No"
"428","33","Female","Married","4","Life Sciences","Research & Development","Manager","3","11878","11","2","12","2","10","6","8","8","4","3","2","3","2","3","Travel_Frequently","5","6","No","No"
"429","39","Male","Married","1","Medical","Research & Development","Manager","4","17068","14","0","21","3","21","9","11","10","3","3","1","3","4","3","Travel_Rarely","10","1","Yes","No"
"430","43","Female","Single","4","Life Sciences","Research & Development","Laboratory Technician","1","2455","19","0","9","5","8","7","1","7","3","3","4","3","1","3","Travel_Frequently","10","0","No","No"
"431","49","Female","Single","2","Technical Degree","Research & Development","Healthcare Representative","4","13964","12","0","25","2","7","1","0","7","3","2","3","3","4","3","Travel_Rarely","1","7","Yes","No"
"433","52","Male","Married","4","Medical","Research & Development","Research Scientist","2","4941","15","0","11","3","8","2","7","7","3","2","2","3","1","2","Travel_Rarely","8","2","No","Yes"
"434","27","Female","Single","3","Life Sciences","Research & Development","Research Scientist","1","2478","12","0","4","2","4","3","1","2","3","3","2","3","2","2","Travel_Rarely","5","1","Yes","No"
"436","32","Female","Married","2","Technical Degree","Sales","Sales Executive","2","5228","11","0","13","2","13","12","11","9","3","2","2","3","4","3","Travel_Rarely","8","1","Yes","No"
"437","27","Male","Single","3","Life Sciences","Sales","Sales Executive","2","4478","11","0","5","3","5","4","0","4","4","3","3","3","1","3","Travel_Rarely","2","1","Yes","No"
"438","31","Male","Divorced","3","Marketing","Sales","Sales Executive","2","7547","12","3","13","3","7","7","1","7","4","3","4","3","4","3","Travel_Rarely","7","4","No","No"
"439","32","Female","Single","4","Medical","Research & Development","Research Scientist","2","5055","16","0","10","0","7","7","0","7","1","4","4","3","3","2","Travel_Rarely","2","7","No","No"
"440","28","Male","Married","4","Medical","Research & Development","Research Scientist","1","3464","13","0","5","4","3","2","2","2","1","1","4","3","4","2","Travel_Rarely","2","5","Yes","Yes"
"441","30","Female","Married","2","Medical","Research & Development","Research Scientist","2","5775","13","2","11","2","10","8","1","9","4","3","4","3","4","3","Travel_Rarely","28","1","No","No"
"442","31","Female","Married","2","Life Sciences","Research & Development","Manufacturing Director","3","8943","24","1","10","2","10","9","8","9","3","2","3","4","1","3","Travel_Frequently","7","1","No","No"
"444","39","Male","Married","2","Medical","Research & Development","Manager","5","19272","15","1","21","2","21","9","13","3","3","2","4","3","1","3","Travel_Frequently","7","1","No","No"
"445","39","Female","Married","2","Medical","Sales","Sales Executive","2","5238","18","0","12","3","1","0","0","0","4","3","3","3","1","2","Travel_Rarely","3","4","Yes","Yes"
"446","33","Male","Single","3","Marketing","Sales","Sales Executive","2","4682","14","0","9","6","7","7","0","1","2","2","4","3","3","2","Travel_Frequently","10","3","No","No"
"447","47","Male","Married","5","Life Sciences","Research & Development","Research Director","5","18300","11","1","21","2","3","2","1","1","4","3","3","3","2","3","Travel_Rarely","5","4","No","No"
"448","43","Female","Divorced","4","Life Sciences","Research & Development","Laboratory Technician","2","5257","11","1","9","3","9","7","0","0","3","2","3","3","2","4","Travel_Frequently","10","1","No","No"
"449","27","Male","Married","1","Marketing","Sales","Sales Executive","2","6349","13","1","6","0","5","4","1","4","3","3","2","3","4","3","Non-Travel","1","0","Yes","No"
"450","54","Female","Single","4","Life Sciences","Research & Development","Research Scientist","2","4869","12","0","20","4","4","3","0","3","4","3","3","3","4","2","Travel_Frequently","20","3","No","No"
"451","43","Female","Married","3","Life Sciences","Research & Development","Healthcare Representative","3","9985","16","1","10","1","1","0","0","0","3","3","1","3","1","2","Travel_Rarely","7","8","No","No"
"452","45","Male","Married","4","Other","Research & Development","Research Scientist","2","3697","14","2","12","3","10","9","9","8","4","3","4","3","1","3","Travel_Rarely","8","9","No","No"
"453","40","Male","Married","2","Medical","Sales","Sales Executive","2","7457","22","3","6","2","4","3","0","2","2","1","4","4","3","2","Travel_Rarely","1","2","Yes","No"
"454","29","Male","Married","4","Other","Research & Development","Laboratory Technician","1","2119","11","0","7","4","7","7","0","7","2","1","1","3","4","2","Travel_Rarely","8","1","Yes","Yes"
"455","29","Male","Single","5","Other","Research & Development","Laboratory Technician","1","3983","17","0","4","2","3","2","2","2","2","2","4","3","3","3","Travel_Rarely","9","0","No","No"
"456","30","Female","Divorced","3","Marketing","Sales","Sales Executive","2","6118","13","3","10","2","10","9","1","2","4","2","3","3","3","3","Travel_Rarely","5","1","No","No"
"458","27","Female","Married","4","Marketing","Sales","Sales Executive","2","6214","18","1","8","3","8","7","0","7","2","3","2","3","1","3","Travel_Rarely","8","1","No","No"
"460","37","Male","Divorced","2","Medical","Research & Development","Manufacturing Director","2","6347","16","2","8","2","6","2","0","4","4","3","4","3","3","2","Travel_Rarely","5","7","No","No"
"461","38","Male","Divorced","2","Life Sciences","Research & Development","Research Director","3","11510","14","1","12","3","11","10","2","9","3","2","4","3","2","3","Travel_Rarely","15","0","Yes","No"
"462","31","Female","Single","4","Medical","Research & Development","Manufacturing Director","3","7143","14","0","11","2","11","9","4","10","3","3","4","3","3","2","Travel_Rarely","7","1","Yes","No"
"463","29","Female","Divorced","1","Marketing","Sales","Sales Executive","2","8268","14","2","7","2","7","7","1","7","4","2","2","3","1","3","Travel_Rarely","10","1","Yes","No"
"464","35","Male","Single","4","Technical Degree","Research & Development","Manufacturing Director","3","8095","13","0","17","5","16","6","0","13","3","3","2","3","4","3","Travel_Rarely","5","0","No","No"
"465","23","Male","Divorced","1","Life Sciences","Research & Development","Research Scientist","1","2904","12","2","4","2","4","2","0","2","3","3","4","3","3","2","Travel_Rarely","26","1","No","No"
"466","41","Male","Single","3","Medical","Research & Development","Manufacturing Director","2","6032","15","0","8","3","5","4","1","2","4","2","2","3","4","3","Travel_Rarely","6","6","Yes","No"
"467","47","Male","Single","1","Medical","Sales","Sales Representative","2","2976","19","0","5","3","0","0","0","0","2","3","3","3","1","3","Travel_Frequently","4","3","No","No"
"468","42","Female","Single","5","Life Sciences","Research & Development","Research Director","4","15992","14","0","16","2","1","0","0","0","1","3","4","3","2","3","Travel_Rarely","23","2","No","No"
"469","29","Male","Married","3","Life Sciences","Sales","Sales Executive","2","4649","14","1","4","3","4","3","0","2","4","3","3","3","1","2","Non-Travel","2","1","No","No"
"470","42","Male","Divorced","1","Technical Degree","Human Resources","Human Resources","1","2696","11","1","4","5","3","2","1","0","3","3","3","3","3","3","Travel_Rarely","2","0","Yes","No"
"471","32","Female","Married","3","Medical","Research & Development","Laboratory Technician","1","2370","13","1","8","4","8","0","0","7","3","3","2","3","3","3","Travel_Rarely","2","1","No","No"
"473","48","Female","Married","1","Medical","Sales","Manager","3","12504","21","1","15","3","0","0","0","0","1","3","3","4","2","1","Travel_Rarely","29","3","No","No"
"474","37","Male","Divorced","3","Medical","Research & Development","Research Scientist","2","5974","13","2","13","2","7","7","6","7","3","4","1","3","1","3","Travel_Rarely","6","4","Yes","No"
"475","30","Female","Married","2","Technical Degree","Sales","Sales Executive","2","4736","12","1","4","2","2","2","2","2","4","3","3","3","2","4","Non-Travel","25","7","Yes","No"
"476","26","Male","Married","3","Life Sciences","Sales","Sales Executive","2","5296","17","1","8","3","8","7","7","7","3","3","3","3","2","3","Travel_Rarely","1","1","No","No"
"477","42","Male","Single","4","Other","Research & Development","Healthcare Representative","2","6781","23","0","14","6","1","0","0","0","1","2","4","4","2","3","Travel_Rarely","2","3","No","No"
"478","21","Female","Single","1","Technical Degree","Sales","Sales Representative","1","2174","11","0","3","3","3","2","1","2","1","2","2","3","3","3","Travel_Frequently","1","1","Yes","Yes"
"479","36","Female","Single","5","Medical","Sales","Sales Executive","2","6653","15","0","7","6","1","0","0","0","4","3","4","3","2","3","Non-Travel","1","4","No","No"
"481","36","Male","Married","4","Medical","Sales","Sales Executive","3","9699","11","1","16","2","13","9","1","12","1","2","4","3","1","3","Travel_Frequently","3","4","No","No"
"482","57","Male","Married","4","Medical","Research & Development","Healthcare Representative","2","6755","11","0","15","2","3","2","1","2","4","3","3","3","3","3","Travel_Rarely","1","2","No","No"
"483","40","Female","Married","4","Life Sciences","Research & Development","Laboratory Technician","1","2213","13","1","10","3","7","7","1","7","4","4","3","3","3","3","Travel_Rarely","10","3","Yes","No"
"484","21","Male","Single","2","Medical","Sales","Sales Representative","1","2610","24","0","3","3","3","2","2","2","1","3","4","4","3","2","Non-Travel","9","1","No","No"
"485","33","Female","Single","3","Marketing","Sales","Sales Representative","1","2851","13","0","1","2","1","0","0","0","4","3","3","3","2","3","Travel_Rarely","5","1","Yes","Yes"
"486","37","Female","Married","3","Medical","Research & Development","Laboratory Technician","1","3452","20","1","17","3","5","4","0","3","3","3","1","4","2","3","Travel_Rarely","10","6","No","No"
"487","46","Female","Married","4","Medical","Research & Development","Manufacturing Director","2","5258","14","0","7","2","1","0","0","0","3","3","3","3","3","4","Non-Travel","7","2","No","No"
"488","41","Male","Single","3","Marketing","Sales","Sales Executive","2","9355","18","0","8","5","8","7","7","7","1","3","2","3","3","3","Travel_Frequently","4","1","No","Yes"
"491","50","Male","Single","3","Technical Degree","Research & Development","Healthcare Representative","3","10496","15","0","20","2","4","3","1","3","4","2","4","3","4","3","Travel_Rarely","10","6","No","No"
"492","40","Male","Married","2","Marketing","Sales","Sales Executive","2","6380","12","2","8","6","6","4","1","0","3","2","3","3","1","3","Travel_Rarely","22","2","Yes","Yes"
"493","31","Male","Single","4","Life Sciences","Research & Development","Research Scientist","1","2657","16","0","3","5","2","2","2","2","3","2","2","3","4","3","Travel_Rarely","9","0","Yes","No"
"494","21","Female","Single","3","Life Sciences","Sales","Sales Representative","1","2716","15","0","1","0","1","0","0","0","3","4","2","3","4","3","Travel_Rarely","12","1","No","Yes"
"495","29","Male","Single","3","Life Sciences","Research & Development","Research Scientist","1","2201","16","0","6","4","3","2","1","2","4","3","4","3","4","3","Travel_Rarely","23","9","No","No"
"496","35","Male","Single","4","Life Sciences","Research & Development","Healthcare Representative","2","6540","19","0","10","5","1","1","0","0","3","2","2","3","3","3","Travel_Rarely","9","9","No","No"
"497","27","Male","Divorced","2","Medical","Research & Development","Laboratory Technician","1","3816","11","1","5","2","5","2","0","4","4","3","2","3","2","3","Travel_Rarely","1","1","No","No"
"498","28","Male","Single","4","Life Sciences","Sales","Sales Executive","2","5253","16","0","7","1","7","5","0","7","2","3","4","3","4","3","Travel_Rarely","9","1","No","No"
"499","49","Male","Single","3","Other","Research & Development","Healthcare Representative","3","10965","24","0","26","2","5","2","0","0","2","2","3","4","3","3","Travel_Rarely","7","8","No","No"
"500","51","Female","Married","2","Life Sciences","Sales","Sales Executive","2","4936","11","1","18","2","7","7","0","7","3","3","4","3","3","2","Travel_Rarely","14","4","No","No"
"501","36","Female","Married","3","Life Sciences","Research & Development","Research Scientist","1","2543","13","1","6","3","2","2","2","2","4","3","3","3","2","3","Travel_Rarely","2","4","No","No"
"502","34","Male","Single","3","Marketing","Sales","Sales Executive","2","5304","13","0","9","3","5","2","0","4","1","4","4","3","2","2","Non-Travel","19","8","Yes","Yes"
"505","55","Female","Single","3","Life Sciences","Research & Development","Manager","4","16659","13","0","30","2","5","4","1","2","3","3","4","3","3","3","Travel_Rarely","2","2","Yes","No"
"507","24","Female","Divorced","4","Marketing","Sales","Sales Executive","2","4260","12","1","5","2","5","2","0","3","4","3","3","3","4","4","Travel_Rarely","10","1","Yes","No"
"508","30","Male","Married","1","Technical Degree","Sales","Sales Representative","1","2476","18","1","1","3","1","0","0","0","3","3","2","3","1","3","Travel_Rarely","2","1","No","No"
"510","26","Male","Single","1","Technical Degree","Research & Development","Research Scientist","1","3102","22","0","7","2","6","4","0","4","3","3","1","4","3","3","Travel_Frequently","3","0","No","Yes"
"511","22","Female","Married","3","Medical","Research & Development","Research Scientist","1","2244","13","1","2","1","2","1","1","2","1","3","2","3","4","3","Travel_Rarely","11","1","No","No"
"513","36","Male","Married","2","Medical","Sales","Sales Executive","3","7596","13","2","10","2","10","9","9","0","2","2","3","3","2","3","Travel_Rarely","2","1","No","No"
"514","30","Male","Single","3","Technical Degree","Research & Development","Research Scientist","1","2285","23","0","3","4","1","0","0","0","3","3","4","4","3","3","Travel_Frequently","4","9","Yes","Yes"
"515","37","Female","Divorced","3","Life Sciences","Research & Development","Laboratory Technician","1","3034","12","1","18","2","18","7","12","17","4","3","1","3","3","2","Travel_Rarely","14","1","No","No"
"516","40","Female","Divorced","2","Marketing","Sales","Sales Executive","2","5715","12","2","8","5","5","4","1","3","4","3","2","3","3","3","Travel_Rarely","2","7","No","No"
"517","42","Female","Divorced","4","Life Sciences","Research & Development","Laboratory Technician","1","2576","16","1","8","5","5","2","1","2","2","3","1","3","2","3","Travel_Rarely","1","3","No","No"
"518","37","Male","Single","4","Life Sciences","Research & Development","Manufacturing Director","2","4197","12","0","18","2","1","0","0","1","3","3","2","3","4","2","Travel_Rarely","10","2","Yes","No"
"520","43","Male","Divorced","3","Life Sciences","Research & Development","Research Director","4","14336","11","1","25","3","25","10","3","9","1","2","2","3","3","3","Travel_Rarely","12","1","No","No"
"521","40","Female","Married","3","Medical","Research & Development","Laboratory Technician","2","3448","22","1","20","3","1","0","0","0","2","2","3","4","2","3","Travel_Rarely","2","6","No","No"
"522","54","Male","Married","2","Medical","Research & Development","Research Director","5","19406","11","1","24","4","4","2","1","2","1","3","1","3","3","2","Travel_Rarely","5","4","No","No"
"523","34","Female","Married","4","Marketing","Sales","Sales Executive","2","6538","15","1","6","3","3","2","1","2","3","3","3","3","1","3","Non-Travel","4","9","No","No"
"524","31","Female","Married","2","Medical","Research & Development","Manufacturing Director","2","4306","12","1","13","5","13","10","3","12","2","3","1","3","2","1","Travel_Rarely","7","1","No","No"
"525","43","Male","Married","3","Medical","Research & Development","Laboratory Technician","1","2258","20","1","8","1","3","2","1","2","4","3","4","4","1","3","Travel_Frequently","21","7","No","No"
"526","43","Female","Divorced","4","Other","Research & Development","Healthcare Representative","2","4522","14","0","8","3","5","2","0","2","3","3","3","3","4","3","Travel_Rarely","8","4","Yes","No"
"527","25","Female","Single","2","Life Sciences","Sales","Sales Executive","2","4487","11","0","5","3","5","4","1","3","2","2","4","3","2","3","Travel_Rarely","4","1","Yes","No"
"529","37","Female","Married","5","Medical","Research & Development","Research Scientist","2","4449","15","2","15","2","13","11","10","7","2","3","3","3","1","3","Non-Travel","25","3","Yes","No"
"530","31","Male","Married","2","Life Sciences","Research & Development","Laboratory Technician","1","2218","12","1","4","3","4","2","3","2","4","2","1","3","3","3","Travel_Rarely","1","1","No","No"
"531","39","Male","Divorced","1","Life Sciences","Research & Development","Manager","5","19197","14","1","21","3","21","8","1","6","2","3","3","3","3","3","Travel_Frequently","1","1","Yes","No"
"532","56","Female","Married","3","Life Sciences","Sales","Sales Executive","4","13212","11","3","36","0","7","7","7","7","3","4","1","3","4","2","Travel_Frequently","6","9","No","No"
"533","30","Female","Single","3","Technical Degree","Sales","Sales Executive","2","6577","11","0","6","6","5","4","4","4","2","3","3","3","2","3","Travel_Rarely","12","0","No","No"
"534","41","Male","Married","3","Marketing","Sales","Sales Executive","3","8392","16","1","10","2","10","7","0","7","2","4","1","3","3","3","Travel_Rarely","1","1","No","No"
"536","28","Male","Divorced","2","Medical","Research & Development","Laboratory Technician","2","4558","12","1","10","2","10","0","1","8","3","3","1","3","4","3","Travel_Rarely","17","1","No","No"
"538","25","Male","Married","3","Medical","Research & Development","Laboratory Technician","1","4031","13","1","6","5","2","2","0","2","1","3","1","3","3","3","Travel_Rarely","3","5","No","Yes"
"543","52","Male","Married","3","Medical","Research & Development","Manufacturing Director","3","7969","14","0","28","4","5","4","0","4","4","2","3","3","3","3","Travel_Rarely","3","2","Yes","No"
"544","45","Male","Married","2","Life Sciences","Research & Development","Research Scientist","1","2654","21","2","8","3","2","2","0","2","1","3","4","4","4","2","Travel_Rarely","10","3","No","No"
"546","52","Female","Married","2","Life Sciences","Research & Development","Manager","4","16555","13","0","31","2","5","2","1","4","4","3","4","3","4","1","Travel_Rarely","4","2","No","No"
"547","42","Female","Divorced","2","Life Sciences","Research & Development","Research Scientist","2","4556","11","1","19","3","5","4","0","2","1","3","3","3","2","3","Travel_Frequently","29","2","No","No"
"548","30","Female","Single","3","Life Sciences","Research & Development","Manufacturing Director","2","6091","20","0","11","2","5","4","0","2","3","1","4","4","3","3","Travel_Rarely","2","2","No","No"
"549","60","Female","Married","3","Life Sciences","Research & Development","Manager","5","19566","11","0","33","5","29","8","11","10","1","3","1","3","4","1","Travel_Rarely","7","5","No","No"
"550","46","Female","Divorced","3","Medical","Research & Development","Manufacturing Director","2","4810","14","1","19","5","10","7","0","8","3","3","3","3","3","2","Travel_Rarely","18","2","No","No"
"551","42","Female","Married","4","Technical Degree","Research & Development","Healthcare Representative","2","4523","11","3","7","4","6","5","0","4","4","2","4","3","4","4","Travel_Frequently","28","0","No","No"
"554","24","Female","Single","1","Technical Degree","Sales","Sales Representative","1","3202","16","0","6","4","5","3","1","4","1","3","2","3","2","3","Travel_Rarely","1","1","Yes","Yes"
"555","34","Female","Divorced","2","Marketing","Sales","Sales Representative","1","2351","16","1","3","3","2","2","1","0","4","1","3","3","4","2","Travel_Frequently","6","0","No","Yes"
"556","38","Male","Married","2","Life Sciences","Research & Development","Laboratory Technician","1","1702","23","1","1","3","1","0","0","0","4","3","4","4","3","3","Travel_Frequently","2","1","Yes","No"
"558","40","Female","Married","4","Life Sciences","Sales","Manager","5","18041","14","0","21","2","20","15","1","12","3","3","3","3","4","3","Travel_Rarely","2","0","No","No"
"560","26","Female","Divorced","3","Life Sciences","Research & Development","Research Scientist","1","2886","22","2","3","3","3","2","0","2","1","3","4","4","2","1","Travel_Rarely","23","1","No","No"
"562","30","Male","Married","3","Life Sciences","Research & Development","Laboratory Technician","1","2097","15","1","9","3","5","3","1","4","3","3","4","3","3","1","Non-Travel","3","4","No","No"
"564","29","Male","Married","4","Medical","Research & Development","Research Director","3","11935","18","0","10","2","10","2","0","7","2","2","3","3","3","3","Travel_Rarely","3","1","No","No"
"565","29","Female","Married","5","Technical Degree","Research & Development","Research Scientist","1","2546","16","0","6","2","2","2","1","1","3","2","2","3","2","4","Travel_Rarely","25","5","No","Yes"
"566","19","Male","Single","2","Technical Degree","Human Resources","Human Resources","1","2564","12","0","1","3","1","0","0","0","1","2","4","3","3","4","Travel_Rarely","2","1","No","Yes"
"567","30","Female","Married","4","Other","Sales","Sales Executive","3","8412","11","0","10","3","9","8","7","8","3","3","1","3","3","3","Non-Travel","22","0","No","No"
"568","57","Male","Divorced","3","Marketing","Sales","Manager","4","14118","12","1","32","3","1","0","0","0","1","2","4","3","3","2","Travel_Rarely","29","3","No","No"
"569","50","Male","Married","4","Life Sciences","Research & Development","Manager","4","17046","15","1","28","2","27","10","15","7","2","2","3","3","2","3","Travel_Rarely","29","0","No","No"
"571","30","Female","Single","3","Medical","Research & Development","Laboratory Technician","1","2564","14","0","12","2","11","7","6","7","3","3","4","3","3","2","Non-Travel","2","0","No","No"
"573","60","Female","Married","3","Marketing","Sales","Sales Executive","3","10266","19","0","22","5","18","13","13","11","3","2","1","3","4","4","Travel_Frequently","28","4","No","No"
"574","47","Female","Divorced","2","Medical","Research & Development","Manufacturing Director","2","5070","13","3","20","2","5","0","0","4","1","3","4","3","3","3","Travel_Rarely","2","5","No","No"
"575","46","Male","Married","3","Life Sciences","Research & Development","Research Director","4","17861","13","0","26","2","3","2","0","1","1","3","3","3","3","1","Travel_Rarely","2","6","No","No"
"577","35","Male","Single","3","Life Sciences","Research & Development","Laboratory Technician","1","4230","15","0","6","2","5","4","4","3","4","1","3","3","3","3","Travel_Rarely","22","0","No","No"
"578","54","Female","Single","4","Life Sciences","Research & Development","Laboratory Technician","2","3780","11","0","19","3","1","0","0","0","3","3","3","3","3","3","Travel_Rarely","8","7","No","No"
"579","34","Male","Divorced","4","Life Sciences","Research & Development","Research Scientist","1","2768","12","1","14","3","7","3","5","7","4","2","3","3","3","3","Travel_Rarely","2","3","No","No"
"580","46","Female","Married","3","Marketing","Sales","Sales Executive","3","9071","19","1","15","3","3","2","1","2","3","2","4","3","3","3","Travel_Rarely","10","2","Yes","No"
"581","31","Male","Divorced","1","Life Sciences","Research & Development","Manufacturing Director","3","10648","25","1","13","6","13","8","0","8","3","3","2","4","4","4","Travel_Rarely","9","1","No","No"
"582","33","Male","Married","1","Medical","Research & Development","Manager","3","13610","12","0","15","2","7","6","7","7","2","3","3","3","4","4","Travel_Rarely","15","7","Yes","Yes"
"584","33","Male","Divorced","1","Medical","Research & Development","Laboratory Technician","1","3408","13","3","8","2","4","3","1","3","1","1","4","3","1","3","Travel_Rarely","10","7","No","Yes"
"585","30","Male","Single","1","Marketing","Sales","Sales Representative","1","2983","14","0","4","3","3","2","1","2","4","3","2","3","1","3","Travel_Rarely","7","0","No","No"
"586","35","Male","Married","3","Life Sciences","Research & Development","Healthcare Representative","3","7632","12","0","10","2","8","7","0","0","4","3","3","3","3","3","Travel_Rarely","16","4","Yes","No"
"587","31","Male","Married","3","Life Sciences","Research & Development","Healthcare Representative","3","9824","12","0","12","2","1","0","0","0","1","3","3","3","1","3","Travel_Frequently","20","3","No","Yes"
"590","34","Female","Divorced","3","Human Resources","Human Resources","Human Resources","3","9950","15","3","11","2","3","2","0","2","2","3","1","3","3","3","Travel_Frequently","23","9","Yes","Yes"
"591","42","Male","Married","2","Other","Research & Development","Laboratory Technician","1","2093","17","1","8","4","2","2","2","0","2","3","3","3","4","3","Travel_Frequently","5","4","No","No"
"592","36","Male","Single","4","Medical","Sales","Sales Executive","3","9980","14","0","10","3","10","3","9","7","2","3","4","3","4","2","Non-Travel","10","1","No","No"
"593","22","Male","Single","1","Technical Degree","Research & Development","Laboratory Technician","1","3894","16","0","4","3","2","2","1","2","3","2","3","3","3","3","Travel_Frequently","4","5","No","Yes"
"595","48","Female","Married","5","Marketing","Sales","Sales Executive","2","4051","14","1","14","2","9","7","6","7","2","3","4","3","1","3","Travel_Rarely","2","2","No","No"
"597","55","Female","Single","5","Life Sciences","Sales","Manager","4","16835","23","0","37","2","10","9","7","7","1","3","2","4","4","3","Travel_Rarely","18","3","No","No"
"599","41","Male","Single","2","Life Sciences","Sales","Sales Executive","2","6230","14","0","16","3","14","3","1","10","4","3","4","3","4","3","Non-Travel","10","7","No","No"
"600","35","Male","Married","3","Marketing","Sales","Sales Executive","2","4717","11","0","15","2","11","9","6","9","2","3","3","3","3","3","Travel_Rarely","1","9","No","No"
"601","40","Female","Single","3","Life Sciences","Research & Development","Manufacturing Director","4","13237","15","0","22","3","20","6","5","13","2","3","3","3","3","3","Travel_Rarely","6","7","No","No"
"602","39","Female","Married","1","Life Sciences","Research & Development","Laboratory Technician","1","3755","11","1","8","3","8","3","0","7","3","3","3","3","1","3","Travel_Frequently","8","1","No","No"
"604","31","Male","Single","1","Life Sciences","Sales","Sales Executive","2","6582","13","0","10","2","6","5","0","5","2","3","4","3","3","4","Travel_Rarely","2","4","Yes","No"
"605","42","Male","Married","3","Medical","Research & Development","Manufacturing Director","3","7406","21","1","10","5","10","9","5","8","4","3","1","4","4","2","Travel_Rarely","24","1","Yes","No"
"606","45","Male","Married","3","Other","Sales","Sales Executive","2","4805","19","1","9","3","8","7","3","7","4","3","2","3","2","4","Travel_Rarely","2","0","No","No"
"608","26","Female","Divorced","4","Life Sciences","Human Resources","Human Resources","1","2741","11","1","8","2","7","7","1","0","2","3","3","3","2","2","Travel_Frequently","17","0","Yes","Yes"
"611","29","Male","Divorced","3","Technical Degree","Research & Development","Manufacturing Director","2","4262","12","2","8","2","3","2","1","2","4","3","4","3","2","4","Travel_Rarely","19","4","No","No"
"612","33","Female","Divorced","5","Medical","Research & Development","Research Director","4","16184","19","1","10","2","6","1","0","5","1","4","3","3","3","3","Travel_Rarely","1","4","No","No"
"613","31","Male","Divorced","3","Life Sciences","Sales","Manager","3","11557","21","1","10","3","5","4","0","1","3","2","4","4","3","2","Travel_Rarely","7","9","No","No"
"614","18","Male","Single","3","Marketing","Sales","Sales Representative","1","1878","14","0","0","3","0","0","0","0","2","3","2","3","4","3","Travel_Frequently","5","1","Yes","Yes"
"615","40","Male","Divorced","3","Other","Sales","Sales Executive","3","10932","15","1","20","2","1","0","0","1","3","1","1","3","3","3","Non-Travel","28","3","No","No"
"616","41","Female","Single","4","Other","Research & Development","Healthcare Representative","2","6811","17","0","10","3","8","7","0","7","1","2","3","3","1","3","Non-Travel","2","2","Yes","No"
"618","26","Male","Divorced","2","Medical","Sales","Sales Executive","2","4306","12","2","8","5","0","0","0","0","1","3","3","3","1","3","Travel_Rarely","29","5","No","No"
"620","35","Female","Single","3","Medical","Sales","Sales Executive","2","4859","16","0","5","3","5","4","0","3","1","3","3","3","4","3","Travel_Rarely","1","1","No","No"
"621","34","Male","Single","4","Life Sciences","Sales","Sales Executive","2","5337","12","0","10","3","10","7","5","7","4","4","4","3","4","3","Travel_Rarely","21","1","No","No"
"622","26","Male","Single","3","Technical Degree","Research & Development","Laboratory Technician","1","2340","18","0","1","3","1","0","0","0","3","1","4","3","2","1","Travel_Rarely","24","1","Yes","Yes"
"623","37","Female","Single","3","Technical Degree","Research & Development","Manufacturing Director","3","7491","17","0","12","3","6","5","1","2","2","3","4","3","4","4","Travel_Rarely","1","4","No","No"
"624","46","Female","Married","1","Medical","Research & Development","Healthcare Representative","3","10527","11","0","28","3","2","2","1","2","1","3","3","3","4","2","Travel_Frequently","18","5","No","No"
"625","41","Female","Married","5","Life Sciences","Sales","Manager","4","16595","16","1","22","2","18","16","11","8","2","3","1","3","2","3","Travel_Rarely","2","7","No","No"
"626","37","Male","Divorced","4","Medical","Sales","Sales Executive","3","8834","13","1","9","6","9","5","7","7","1","3","2","3","4","3","Non-Travel","9","1","No","No"
"630","52","Male","Divorced","2","Technical Degree","Research & Development","Research Scientist","2","5577","12","2","18","3","10","9","6","9","4","3","1","3","2","3","Travel_Rarely","6","3","Yes","No"
"631","32","Male","Married","4","Other","Sales","Sales Executive","2","4707","12","0","6","2","4","2","1","2","4","4","3","3","4","3","Non-Travel","11","8","No","Yes"
"632","24","Male","Married","3","Medical","Sales","Sales Representative","1","2400","13","2","3","3","2","2","2","1","4","3","4","3","3","3","Travel_Frequently","24","0","No","No"
"634","38","Female","Married","3","Medical","Research & Development","Healthcare Representative","2","9824","19","1","18","4","1","0","0","0","3","3","3","3","3","3","Travel_Rarely","10","3","No","No"
"635","37","Female","Married","4","Life Sciences","Research & Development","Manufacturing Director","2","6447","12","1","8","2","6","5","4","3","2","3","2","3","2","2","Travel_Rarely","1","6","No","No"
"638","49","Male","Divorced","4","Life Sciences","Research & Development","Research Director","5","19502","17","1","31","5","31","9","0","9","4","2","3","3","3","3","Travel_Rarely","18","1","Yes","No"
"639","24","Male","Married","3","Medical","Research & Development","Research Scientist","1","2725","11","2","6","3","6","5","1","4","2","4","4","3","2","3","Travel_Rarely","23","1","Yes","No"
"641","26","Male","Married","2","Marketing","Sales","Sales Executive","2","6272","20","2","6","5","5","3","1","4","1","3","2","4","4","4","Travel_Rarely","28","1","No","No"
"643","24","Male","Married","2","Other","Research & Development","Laboratory Technician","1","2127","21","1","1","2","1","0","0","0","4","2","2","4","4","3","Travel_Rarely","17","1","No","No"
"644","50","Male","Married","3","Medical","Human Resources","Manager","5","18200","11","1","32","2","32","5","10","7","1","3","2","3","3","3","Travel_Frequently","3","1","No","No"
"645","25","Male","Married","1","Medical","Sales","Sales Representative","1","2096","11","0","7","1","7","4","0","6","2","3","3","3","3","3","Travel_Rarely","13","1","No","No"
"647","24","Female","Married","3","Life Sciences","Research & Development","Laboratory Technician","1","2886","16","1","6","4","6","3","1","2","1","3","3","3","4","3","Travel_Frequently","7","1","Yes","Yes"
"648","30","Male","Married","4","Life Sciences","Sales","Sales Representative","1","2033","18","1","1","2","1","0","0","0","2","2","1","3","3","4","Travel_Frequently","12","1","No","Yes"
"649","34","Male","Married","2","Life Sciences","Research & Development","Research Scientist","1","3622","13","1","6","3","6","5","1","3","2","2","4","3","4","3","Travel_Rarely","1","1","Yes","No"
"650","31","Male","Divorced","4","Medical","Sales","Sales Executive","2","4233","17","0","9","2","3","1","1","2","2","3","1","3","3","1","Travel_Rarely","13","2","No","Yes"
"652","35","Male","Single","2","Other","Research & Development","Laboratory Technician","2","3681","14","0","9","3","3","2","0","2","1","2","4","3","4","3","Travel_Rarely","25","4","No","No"
"653","31","Male","Divorced","4","Medical","Sales","Sales Executive","2","5460","22","2","13","4","7","7","5","7","1","4","4","4","4","4","Travel_Rarely","6","4","No","No"
"655","27","Female","Divorced","4","Medical","Research & Development","Research Scientist","1","2187","12","2","6","5","5","3","0","3","1","2","3","3","3","2","Travel_Rarely","6","0","No","No"
"656","37","Male","Married","3","Marketing","Sales","Sales Executive","2","9602","11","1","17","3","3","0","1","0","4","3","3","3","3","2","Travel_Rarely","2","4","Yes","No"
"657","20","Female","Single","3","Life Sciences","Research & Development","Research Scientist","1","2836","13","0","1","0","1","0","0","0","4","2","2","3","4","4","Travel_Rarely","1","1","No","No"
"659","42","Female","Married","4","Life Sciences","Research & Development","Healthcare Representative","2","4089","13","2","10","4","10","2","2","2","3","3","4","3","2","3","Travel_Rarely","2","1","No","No"
"661","43","Male","Divorced","4","Other","Research & Development","Research Director","4","16627","14","1","21","3","1","0","0","0","2","2","4","3","3","2","Travel_Rarely","6","4","Yes","No"
"662","38","Female","Single","1","Life Sciences","Research & Development","Research Scientist","1","2619","17","0","8","3","0","0","0","0","3","3","1","3","4","2","Travel_Rarely","1","3","No","No"
"663","43","Male","Divorced","5","Medical","Research & Development","Laboratory Technician","2","5679","13","1","10","3","8","7","4","7","4","3","3","3","2","3","Travel_Frequently","9","3","Yes","No"
"664","48","Female","Married","4","Life Sciences","Research & Development","Manager","4","15402","11","1","21","3","3","2","0","2","4","2","1","3","1","1","Travel_Rarely","1","7","No","No"
"665","44","Female","Single","4","Life Sciences","Human Resources","Human Resources","2","5985","11","0","10","1","2","2","0","2","1","2","3","3","2","4","Travel_Rarely","1","4","No","No"
"666","34","Female","Divorced","3","Technical Degree","Sales","Sales Representative","1","2579","18","2","8","3","8","2","0","6","3","3","3","3","4","3","Travel_Rarely","14","1","Yes","No"
"667","27","Male","Divorced","1","Marketing","Sales","Sales Representative","1","3041","11","1","5","3","4","3","0","2","3","3","1","3","2","3","Travel_Rarely","2","0","No","Yes"
"669","21","Male","Single","1","Technical Degree","Sales","Sales Representative","1","3447","11","0","3","2","3","2","1","2","3","3","3","3","3","3","Travel_Rarely","22","1","No","No"
"671","44","Male","Married","4","Other","Research & Development","Manager","5","19513","12","1","26","2","2","2","0","1","4","3","4","3","1","4","Travel_Rarely","3","4","Yes","No"
"675","22","Male","Married","1","Medical","Research & Development","Research Scientist","1","2773","20","0","3","3","2","2","2","2","1","3","3","4","4","3","Travel_Rarely","6","0","No","No"
"677","33","Male","Divorced","4","Marketing","Sales","Sales Executive","2","7104","12","0","6","3","5","0","1","2","3","3","3","3","4","3","Travel_Rarely","8","0","No","No"
"679","32","Female","Married","4","Life Sciences","Research & Development","Research Scientist","2","6322","12","1","6","2","6","4","0","5","1","3","4","3","4","2","Travel_Rarely","9","1","Yes","No"
"680","30","Female","Divorced","3","Medical","Research & Development","Research Scientist","1","2083","20","1","1","2","1","0","0","0","3","3","3","4","3","3","Travel_Frequently","3","1","No","No"
"682","53","Female","Single","1","Medical","Sales","Sales Executive","2","8381","20","0","18","2","14","7","8","10","4","3","1","4","4","4","Travel_Rarely","1","7","No","No"
"683","34","Male","Married","5","Life Sciences","Research & Development","Research Scientist","1","2691","12","1","10","4","10","9","8","8","2","3","4","3","4","2","Travel_Rarely","1","1","No","No"
"684","45","Female","Married","4","Life Sciences","Sales","Sales Executive","2","4286","14","2","5","4","1","1","0","0","1","3","1","3","4","3","Travel_Frequently","26","2","No","Yes"
"686","26","Female","Married","3","Life Sciences","Research & Development","Laboratory Technician","1","2659","13","1","3","2","3","2","0","2","3","3","4","3","3","3","Travel_Rarely","6","1","Yes","No"
"689","37","Male","Married","3","Other","Research & Development","Manufacturing Director","3","9434","15","1","10","2","10","7","7","8","3","3","3","3","3","3","Travel_Rarely","3","1","No","No"
"690","29","Female","Married","2","Medical","Sales","Sales Executive","2","5561","14","1","6","5","6","0","1","2","2","3","3","3","1","2","Travel_Rarely","3","1","No","No"
"691","35","Male","Single","4","Life Sciences","Research & Development","Research Scientist","2","6646","13","0","17","3","17","11","11","8","2","1","4","3","2","3","Travel_Rarely","6","1","No","No"
"692","33","Male","Divorced","3","Life Sciences","Research & Development","Healthcare Representative","2","7725","23","1","15","2","13","11","4","7","3","3","4","4","3","1","Travel_Frequently","6","3","No","No"
"698","54","Male","Married","4","Medical","Human Resources","Human Resources","3","10725","15","1","16","1","9","7","7","1","3","3","2","3","3","4","Travel_Rarely","19","2","No","No"
"699","36","Male","Divorced","2","Medical","Research & Development","Manufacturing Director","2","8847","11","1","13","2","3","2","0","2","2","2","2","3","3","3","Travel_Rarely","9","2","Yes","No"
"700","27","Male","Single","4","Medical","Research & Development","Research Scientist","1","2045","13","0","5","0","4","2","1","1","1","2","4","3","4","3","Travel_Rarely","3","0","No","No"
"701","20","Male","Single","1","Medical","Research & Development","Research Scientist","1","1009","11","0","1","5","1","0","1","1","4","3","3","3","4","3","Travel_Rarely","10","1","Yes","Yes"
"702","33","Male","Single","3","Life Sciences","Research & Development","Research Scientist","1","3348","11","0","10","3","10","8","9","7","1","3","1","3","1","3","Travel_Frequently","3","1","Yes","Yes"
"704","35","Male","Married","3","Life Sciences","Research & Development","Laboratory Technician","1","1281","18","2","1","3","1","0","0","0","3","2","3","3","3","3","Non-Travel","3","1","No","No"
"705","23","Male","Married","3","Medical","Research & Development","Research Scientist","1","2819","16","1","5","3","3","2","0","2","1","4","1","3","1","4","Travel_Rarely","4","2","No","No"
"707","25","Male","Married","3","Life Sciences","Sales","Sales Executive","2","4851","22","1","4","4","3","2","1","2","4","4","2","4","3","3","Travel_Rarely","8","0","No","No"
"709","38","Female","Single","4","Marketing","Sales","Sales Executive","2","4028","20","0","8","2","7","7","0","5","4","2","4","4","1","3","Travel_Rarely","7","0","No","No"
"710","29","Male","Divorced","4","Life Sciences","Research & Development","Research Scientist","1","2720","18","1","10","5","10","7","2","8","2","1","4","3","4","3","Travel_Frequently","1","1","No","No"
"712","48","Male","Married","1","Marketing","Sales","Sales Executive","2","8120","12","0","12","3","2","2","2","2","2","4","2","3","4","3","Travel_Rarely","2","3","No","No"
"714","27","Female","Divorced","1","Medical","Sales","Sales Executive","2","4647","20","2","6","3","6","5","0","4","4","4","4","4","2","3","Travel_Frequently","3","1","Yes","No"
"715","37","Male","Single","2","Life Sciences","Research & Development","Research Scientist","1","4680","17","0","4","2","1","0","0","0","4","4","4","3","1","3","Travel_Rarely","10","3","No","No"
"716","50","Male","Married","1","Medical","Research & Development","Laboratory Technician","1","3221","11","3","20","3","20","8","3","8","4","4","3","3","3","3","Travel_Rarely","28","1","Yes","No"
"717","34","Female","Single","3","Medical","Research & Development","Healthcare Representative","3","8621","14","0","9","3","8","7","7","7","4","2","2","3","2","4","Travel_Rarely","9","1","No","No"
"720","24","Female","Single","2","Life Sciences","Sales","Sales Executive","2","4577","14","0","4","3","2","2","2","0","1","3","3","3","1","3","Travel_Rarely","3","9","No","Yes"
"721","39","Female","Single","4","Technical Degree","Research & Development","Healthcare Representative","2","4553","11","0","20","4","20","7","11","10","4","2","3","3","1","3","Travel_Rarely","2","1","No","No"
"722","32","Male","Single","3","Marketing","Sales","Sales Executive","2","5396","12","0","10","2","10","7","0","8","4","3","4","3","4","2","Travel_Rarely","10","1","No","No"
"723","50","Male","Married","2","Technical Degree","Sales","Sales Executive","2","6796","14","1","18","4","4","3","1","3","2","3","3","3","1","3","Travel_Frequently","8","3","Yes","Yes"
"724","38","Female","Single","4","Life Sciences","Research & Development","Healthcare Representative","2","7625","13","0","10","4","9","7","1","8","2","4","4","3","3","2","Travel_Rarely","1","0","No","No"
"725","27","Female","Married","2","Life Sciences","Research & Development","Manufacturing Director","3","7412","11","0","9","3","9","7","0","7","3","3","1","3","4","3","Travel_Rarely","1","1","No","No"
"727","32","Female","Single","2","Life Sciences","Research & Development","Research Director","3","11159","15","0","10","6","7","7","7","7","3","3","4","3","4","3","Travel_Rarely","3","3","No","No"
"728","47","Male","Single","4","Marketing","Sales","Sales Executive","2","4960","12","0","20","2","7","7","1","7","4","3","1","3","4","3","Travel_Rarely","14","2","No","No"
"729","40","Male","Married","4","Life Sciences","Sales","Sales Executive","3","10475","21","1","20","2","18","13","1","12","4","2","1","4","3","3","Travel_Frequently","5","5","Yes","No"
"730","53","Male","Married","3","Life Sciences","Research & Development","Research Director","4","14814","19","0","32","3","5","1","1","3","3","4","3","3","3","3","Travel_Rarely","7","3","No","No"
"731","41","Male","Divorced","4","Human Resources","Human Resources","Manager","5","19141","15","3","23","2","21","6","12","6","2","2","4","3","2","2","Travel_Rarely","10","3","No","No"
"732","60","Male","Single","4","Marketing","Sales","Sales Executive","2","5405","14","0","10","1","2","2","2","2","1","3","1","3","4","3","Travel_Rarely","16","8","No","No"
"733","27","Male","Divorced","2","Life Sciences","Research & Development","Manufacturing Director","3","8793","21","2","9","4","9","7","1","7","4","3","1","4","3","2","Travel_Frequently","10","1","No","No"
"734","41","Male","Married","3","Human Resources","Human Resources","Manager","5","19189","12","1","22","3","22","7","2","10","4","2","3","3","2","3","Travel_Rarely","1","1","No","No"
"738","50","Male","Married","4","Marketing","Sales","Sales Representative","1","3875","15","1","4","2","2","2","2","2","4","3","2","3","4","3","Travel_Rarely","8","7","No","No"
"741","28","Female","Single","2","Life Sciences","Research & Development","Research Scientist","1","2216","13","0","10","4","7","7","3","7","1","1","2","3","4","3","Travel_Rarely","1","7","Yes","Yes"
"742","36","Female","Married","3","Life Sciences","Research & Development","Research Director","3","11713","14","1","10","2","8","7","0","5","1","4","1","3","1","3","Non-Travel","8","9","No","No"
"743","38","Female","Single","3","Life Sciences","Research & Development","Manufacturing Director","3","7861","14","0","10","4","1","0","0","0","3","3","3","3","4","4","Travel_Rarely","1","4","Yes","No"
"744","44","Male","Single","3","Medical","Research & Development","Laboratory Technician","1","3708","14","0","9","5","5","2","1","4","1","1","3","3","3","3","Non-Travel","24","2","No","No"
"746","47","Female","Divorced","3","Medical","Sales","Sales Executive","4","13770","12","2","28","2","22","2","11","13","4","3","3","3","4","2","Travel_Frequently","3","9","Yes","No"
"747","30","Male","Divorced","5","Marketing","Sales","Sales Executive","2","5304","23","1","10","2","8","7","7","7","3","3","4","4","4","2","Travel_Rarely","27","7","No","No"
"749","29","Male","Single","3","Life Sciences","Sales","Sales Representative","1","2642","11","0","1","6","1","0","0","0","3","3","3","3","3","3","Travel_Rarely","10","1","No","No"
"752","42","Male","Divorced","3","Medical","Research & Development","Research Scientist","1","2759","12","0","7","2","2","2","2","2","3","4","3","3","4","3","Travel_Frequently","19","6","Yes","Yes"
"754","43","Male","Married","3","Life Sciences","Sales","Sales Executive","2","6804","18","1","7","5","2","2","2","2","4","2","4","3","3","3","Travel_Frequently","15","3","No","No"
"757","34","Female","Single","2","Medical","Research & Development","Healthcare Representative","2","6142","11","0","10","2","5","1","4","3","2","3","3","3","4","3","Travel_Rarely","8","3","No","No"
"758","23","Male","Married","1","Medical","Research & Development","Laboratory Technician","1","2500","14","1","5","2","4","3","0","2","2","3","1","3","4","4","Travel_Rarely","9","1","No","No"
"760","39","Female","Married","3","Human Resources","Human Resources","Human Resources","2","6389","15","1","12","3","8","3","3","6","3","4","2","3","3","1","Travel_Rarely","3","9","No","No"
"762","56","Male","Married","3","Medical","Research & Development","Healthcare Representative","4","11103","11","0","30","1","10","7","1","1","3","3","4","3","3","2","Travel_Rarely","9","7","No","No"
"763","40","Female","Single","1","Medical","Research & Development","Research Scientist","1","2342","20","0","5","2","4","2","2","3","4","2","4","4","4","2","Travel_Rarely","2","0","Yes","No"
"764","27","Female","Single","3","Medical","Research & Development","Healthcare Representative","2","6811","19","0","9","2","7","6","0","7","4","2","1","3","1","1","Travel_Rarely","7","8","No","No"
"766","29","Male","Divorced","3","Marketing","Sales","Sales Representative","1","2297","14","2","2","2","2","2","2","2","4","3","2","3","4","3","Travel_Rarely","10","1","No","No"
"769","53","Male","Single","3","Life Sciences","Research & Development","Laboratory Technician","2","2450","17","0","19","4","2","2","2","2","4","3","4","3","4","3","Travel_Rarely","6","2","No","No"
"771","35","Female","Divorced","4","Life Sciences","Research & Development","Healthcare Representative","2","5093","11","1","16","2","1","0","0","0","4","3","1","3","1","4","Non-Travel","2","2","No","No"
"772","32","Male","Married","4","Life Sciences","Research & Development","Laboratory Technician","2","5309","15","2","10","2","10","8","4","7","1","3","4","3","4","3","Travel_Frequently","24","1","No","No"
"773","38","Male","Married","5","Medical","Research & Development","Research Scientist","1","3057","13","1","6","0","1","0","0","1","4","3","3","3","2","1","Travel_Rarely","2","6","Yes","No"
"775","34","Female","Divorced","5","Life Sciences","Research & Development","Manufacturing Director","2","5121","14","1","7","3","0","0","0","0","2","3","1","3","3","3","Travel_Rarely","8","3","No","No"
"776","52","Male","Married","4","Marketing","Sales","Manager","4","16856","11","0","34","3","34","6","1","16","3","2","1","3","1","4","Travel_Rarely","3","1","No","No"
"780","33","Male","Single","4","Other","Research & Development","Research Scientist","1","2686","13","0","10","2","10","9","7","8","4","3","4","3","3","2","Travel_Rarely","1","1","Yes","Yes"
"781","25","Female","Single","1","Medical","Sales","Sales Executive","2","6180","23","0","6","5","6","5","1","4","3","3","4","4","2","2","Travel_Rarely","26","1","No","No"
"783","45","Male","Single","2","Technical Degree","Sales","Sales Representative","2","6632","13","0","9","3","8","7","3","1","2","1","3","3","1","3","Travel_Rarely","2","0","No","No"
"784","23","Male","Single","1","Medical","Research & Development","Research Scientist","1","3505","18","0","2","3","2","2","0","2","1","4","3","3","4","3","Travel_Rarely","10","1","No","No"
"785","47","Female","Single","2","Life Sciences","Sales","Sales Executive","2","6397","12","0","8","2","5","4","1","3","2","4","3","3","4","3","Travel_Frequently","27","4","Yes","Yes"
"786","34","Male","Single","3","Other","Sales","Sales Executive","2","6274","22","0","6","5","6","5","1","4","4","3","4","4","3","3","Travel_Rarely","2","1","No","No"
"787","55","Male","Married","3","Medical","Research & Development","Manager","5","19859","13","1","24","2","5","2","1","4","4","3","1","3","4","3","Travel_Rarely","2","5","Yes","Yes"
"789","36","Male","Single","4","Life Sciences","Sales","Sales Executive","3","7587","15","0","10","1","10","7","0","9","1","2","1","3","2","3","Non-Travel","8","1","No","No"
"791","52","Male","Married","4","Medical","Research & Development","Research Scientist","1","4258","18","1","5","3","4","3","1","2","4","3","4","3","1","3","Non-Travel","19","0","No","No"
"792","26","Female","Divorced","2","Life Sciences","Research & Development","Laboratory Technician","1","4364","14","1","5","2","2","2","2","0","1","1","4","3","1","3","Travel_Frequently","1","3","No","No"
"793","29","Female","Married","3","Medical","Research & Development","Healthcare Representative","2","4335","12","1","11","3","8","7","1","1","2","3","3","3","1","2","Travel_Rarely","27","4","No","No"
"796","26","Male","Single","3","Technical Degree","Sales","Sales Executive","2","5326","17","0","6","2","4","3","1","2","4","2","1","3","3","2","Travel_Rarely","8","6","No","Yes"
"797","34","Female","Single","4","Life Sciences","Research & Development","Research Scientist","1","3280","16","0","10","2","4","2","1","3","2","4","4","3","3","3","Travel_Rarely","1","2","No","No"
"799","54","Female","Divorced","4","Medical","Research & Development","Manufacturing Director","2","5485","11","2","9","4","5","3","1","4","4","3","1","3","2","3","Travel_Rarely","19","9","Yes","No"
"800","27","Male","Married","1","Marketing","Sales","Sales Executive","2","4342","19","1","5","3","4","2","1","1","3","3","4","3","2","3","Travel_Frequently","8","0","No","No"
"802","37","Female","Divorced","1","Life Sciences","Research & Development","Research Scientist","1","2782","13","2","6","3","5","3","4","3","4","3","1","3","2","2","Travel_Rarely","10","0","Yes","No"
"803","38","Female","Single","4","Life Sciences","Research & Development","Manufacturing Director","2","5980","12","0","17","2","15","7","4","12","1","4","1","3","4","3","Travel_Frequently","2","6","Yes","No"
"804","34","Female","Single","4","Medical","Research & Development","Research Scientist","1","4381","11","0","6","3","6","5","1","3","3","2","1","3","3","3","Travel_Rarely","2","1","No","No"
"805","35","Female","Married","4","Life Sciences","Sales","Sales Representative","1","2572","16","1","3","1","3","2","0","2","1","3","4","3","2","2","Travel_Rarely","8","1","No","No"
"806","30","Male","Married","3","Life Sciences","Research & Development","Laboratory Technician","1","3833","21","2","7","2","2","2","0","2","4","1","3","4","3","3","Travel_Rarely","1","3","No","No"
"807","40","Female","Married","2","Medical","Research & Development","Healthcare Representative","2","4244","24","1","8","2","8","7","3","7","3","4","2","4","4","3","Travel_Frequently","2","1","No","No"
"808","34","Female","Married","2","Life Sciences","Sales","Sales Executive","2","6500","17","1","6","1","3","2","1","2","3","3","1","3","2","3","Travel_Rarely","8","5","No","No"
"809","42","Male","Divorced","3","Life Sciences","Research & Development","Manager","5","18430","13","1","24","4","24","7","14","9","2","3","4","3","2","2","Travel_Frequently","8","1","No","No"
"811","23","Male","Married","3","Life Sciences","Research & Development","Laboratory Technician","1","1601","21","2","1","2","0","0","0","0","3","4","1","4","3","3","Travel_Rarely","6","1","Yes","Yes"
"812","24","Male","Divorced","3","Life Sciences","Research & Development","Laboratory Technician","1","2694","11","3","1","4","1","0","0","0","3","2","2","3","3","3","Non-Travel","9","1","No","No"
"813","52","Female","Married","4","Life Sciences","Research & Development","Laboratory Technician","2","3149","20","1","9","3","5","2","1","4","4","3","3","4","2","3","Travel_Rarely","11","8","No","No"
"815","50","Male","Married","3","Medical","Research & Development","Research Director","4","17639","16","0","30","3","4","3","0","3","3","3","3","3","4","3","Travel_Rarely","2","5","No","No"
"816","29","Female","Married","2","Life Sciences","Research & Development","Laboratory Technician","1","2319","11","1","1","1","1","0","0","0","2","2","1","3","4","3","Travel_Rarely","1","1","Yes","Yes"
"817","33","Male","Married","3","Medical","Research & Development","Research Director","3","11691","11","0","14","3","13","9","3","7","3","3","3","3","4","4","Travel_Rarely","7","0","No","No"
"819","33","Female","Single","3","Marketing","Sales","Sales Executive","2","5324","15","0","6","3","3","2","0","2","1","3","1","3","3","3","Travel_Rarely","16","5","No","Yes"
"820","47","Female","Married","2","Other","Research & Development","Manager","4","16752","11","1","26","3","26","14","3","0","3","3","4","3","3","2","Travel_Rarely","2","1","Yes","No"
"823","36","Female","Married","3","Other","Research & Development","Manufacturing Director","2","5228","15","1","10","2","9","7","0","5","3","3","2","3","1","3","Travel_Rarely","1","0","No","No"
"824","29","Male","Married","2","Life Sciences","Research & Development","Research Scientist","1","2700","24","1","10","3","10","7","0","7","3","4","3","4","3","3","Travel_Rarely","23","1","No","No"
"825","58","Male","Single","4","Life Sciences","Research & Development","Research Director","5","19246","12","0","40","2","31","15","13","8","4","3","2","3","4","3","Travel_Rarely","2","7","Yes","Yes"
"826","35","Female","Single","4","Life Sciences","Research & Development","Research Scientist","1","2506","13","0","7","0","2","2","2","2","4","4","3","3","3","3","Travel_Rarely","1","3","No","No"
"827","42","Female","Married","2","Life Sciences","Research & Development","Manufacturing Director","2","6062","13","1","8","4","4","3","0","2","4","2","4","3","4","3","Travel_Rarely","1","9","Yes","No"
"828","28","Male","Single","4","Medical","Research & Development","Research Scientist","1","4382","17","0","5","3","2","2","2","1","3","3","3","3","4","2","Travel_Rarely","2","6","No","Yes"
"829","36","Male","Married","3","Human Resources","Human Resources","Human Resources","1","2143","13","1","8","2","5","2","0","4","3","3","2","3","2","3","Travel_Rarely","13","4","No","No"
"830","32","Female","Married","3","Life Sciences","Research & Development","Manufacturing Director","2","6162","12","1","14","3","14","13","6","8","3","2","3","3","3","3","Travel_Rarely","4","1","No","No"
"832","40","Male","Single","4","Medical","Research & Development","Laboratory Technician","2","5094","14","0","10","6","1","0","0","0","1","2","3","3","4","3","Travel_Frequently","16","6","No","No"
"833","30","Female","Single","3","Medical","Research & Development","Manufacturing Director","2","6877","24","0","12","4","0","0","0","0","3","2","4","4","2","2","Travel_Rarely","2","5","Yes","No"
"834","45","Female","Single","3","Life Sciences","Research & Development","Research Scientist","1","2274","14","0","1","3","1","0","0","0","2","2","3","3","4","3","Travel_Rarely","2","1","No","No"
"836","42","Male","Married","3","Life Sciences","Research & Development","Manufacturing Director","2","4434","13","1","10","3","9","8","7","8","2","3","2","3","4","2","Travel_Rarely","29","1","No","No"
"837","38","Male","Divorced","3","Life Sciences","Research & Development","Healthcare Representative","2","6288","15","1","13","3","4","3","1","2","1","2","1","3","3","2","Travel_Frequently","12","2","No","No"
"838","34","Female","Single","4","Life Sciences","Research & Development","Research Scientist","1","2553","16","0","6","3","5","2","1","3","3","2","4","3","3","3","Travel_Frequently","16","1","No","No"
"840","49","Female","Married","3","Marketing","Sales","Sales Executive","3","7654","18","2","9","3","9","8","7","7","3","3","4","3","1","4","Travel_Rarely","11","1","No","Yes"
"842","55","Male","Single","1","Medical","Sales","Sales Executive","2","5160","16","0","12","3","9","7","7","3","3","3","4","3","3","2","Travel_Rarely","2","4","No","Yes"
"843","43","Male","Married","2","Life Sciences","Research & Development","Research Director","4","17159","24","1","22","3","4","1","1","0","2","3","1","4","3","3","Travel_Rarely","14","6","No","No"
"844","27","Male","Divorced","1","Technical Degree","Research & Development","Research Director","3","12808","16","1","9","3","9","8","0","8","3","2","4","3","2","3","Travel_Rarely","5","1","Yes","No"
"845","35","Male","Single","3","Other","Research & Development","Manufacturing Director","3","10221","21","0","17","3","8","5","1","6","3","3","3","4","2","4","Travel_Rarely","7","3","No","No"
"846","28","Female","Married","4","Marketing","Sales","Sales Executive","2","4779","20","0","8","2","8","7","7","5","2","3","2","4","1","3","Travel_Rarely","2","1","Yes","No"
"847","34","Male","Married","2","Human Resources","Human Resources","Human Resources","1","3737","19","1","4","1","3","2","0","2","3","3","4","3","3","1","Travel_Rarely","3","0","No","No"
"848","26","Female","Married","2","Medical","Research & Development","Research Scientist","1","2366","14","1","8","2","8","7","1","7","3","2","3","3","1","3","Travel_Frequently","5","1","Yes","Yes"
"850","27","Male","Married","3","Medical","Research & Development","Research Scientist","1","1706","11","3","0","6","0","0","0","0","4","3","4","3","3","2","Non-Travel","3","1","No","No"
"851","51","Female","Married","4","Marketing","Sales","Manager","4","16307","14","1","29","2","20","6","4","17","1","3","3","3","3","2","Travel_Rarely","26","2","No","No"
"852","44","Male","Single","3","Medical","Research & Development","Healthcare Representative","2","5933","12","0","10","2","5","2","2","3","4","3","2","3","4","2","Travel_Rarely","4","9","No","No"
"854","25","Male","Single","1","Medical","Research & Development","Research Scientist","1","3424","13","0","6","3","4","3","0","1","1","4","1","3","3","2","Travel_Rarely","2","7","No","No"
"855","33","Male","Divorced","3","Medical","Sales","Sales Executive","2","4037","22","1","9","5","9","8","0","8","1","4","1","4","1","3","Travel_Rarely","1","1","No","No"
"856","35","Female","Single","1","Medical","Research & Development","Research Scientist","1","2559","11","0","6","3","6","5","1","1","3","2","1","3","4","2","Travel_Rarely","27","1","No","No"
"857","36","Male","Married","2","Life Sciences","Sales","Sales Executive","2","6201","14","1","18","1","18","14","4","11","2","3","4","3","4","2","Travel_Rarely","1","1","Yes","No"
"859","32","Male","Divorced","4","Life Sciences","Sales","Sales Executive","2","4403","11","1","8","3","5","2","0","3","2","3","4","3","3","2","Travel_Rarely","13","2","No","No"
"861","30","Male","Divorced","4","Life Sciences","Research & Development","Research Scientist","1","3761","12","1","10","3","5","4","0","3","2","2","4","3","2","2","Travel_Frequently","5","9","No","No"
"862","53","Female","Married","2","Marketing","Sales","Sales Executive","3","10934","18","1","35","3","5","2","0","4","1","2","4","3","4","3","Travel_Rarely","7","7","Yes","No"
"864","45","Male","Divorced","3","Marketing","Sales","Sales Executive","3","10761","12","1","18","2","5","4","0","2","4","3","1","3","3","3","Travel_Rarely","9","4","Yes","No"
"865","32","Female","Married","2","Medical","Research & Development","Research Scientist","2","5175","12","1","9","3","5","3","1","3","3","4","3","3","3","2","Travel_Rarely","8","5","No","No"
"867","52","Female","Married","4","Medical","Research & Development","Manufacturing Director","4","13826","22","0","31","3","9","8","0","0","3","2","4","4","3","3","Travel_Frequently","25","3","No","No"
"868","37","Male","Divorced","4","Marketing","Sales","Sales Executive","2","6334","19","2","9","2","1","0","0","0","4","2","3","3","4","3","Travel_Rarely","16","4","No","No"
"869","28","Male","Divorced","2","Medical","Human Resources","Human Resources","1","4936","13","1","6","6","5","1","0","4","2","2","4","3","4","3","Travel_Rarely","8","1","No","No"
"872","22","Male","Married","2","Life Sciences","Research & Development","Manufacturing Director","2","4775","22","2","4","2","2","2","2","2","4","2","4","4","1","1","Travel_Rarely","1","6","No","No"
"874","44","Male","Married","4","Life Sciences","Research & Development","Laboratory Technician","1","2818","24","1","10","2","3","2","0","2","1","4","4","4","3","2","Travel_Rarely","8","2","Yes","No"
"875","42","Male","Single","1","Medical","Research & Development","Research Scientist","1","2515","14","0","8","2","2","1","2","2","2","3","4","3","4","3","Travel_Frequently","2","5","Yes","No"
"878","36","Male","Married","3","Life Sciences","Human Resources","Human Resources","1","2342","21","0","6","3","5","4","0","3","1","2","1","4","3","3","Travel_Rarely","8","0","No","No"
"879","25","Male","Married","1","Other","Sales","Sales Executive","2","4194","18","0","5","3","5","3","0","3","3","3","1","3","4","3","Travel_Rarely","3","1","Yes","No"
"880","35","Female","Married","3","Life Sciences","Research & Development","Manufacturing Director","3","10685","20","1","17","2","17","14","5","15","4","2","3","4","2","3","Travel_Rarely","9","1","Yes","No"
"881","35","Female","Divorced","4","Life Sciences","Research & Development","Research Scientist","1","2022","19","1","10","3","10","2","7","8","4","3","2","3","1","2","Travel_Frequently","25","1","Yes","Yes"
"882","32","Male","Divorced","3","Life Sciences","Research & Development","Laboratory Technician","1","2314","12","1","4","2","3","0","0","2","4","3","4","3","2","3","Non-Travel","1","0","No","No"
"885","25","Male","Married","1","Marketing","Sales","Sales Executive","2","4256","12","0","5","1","5","2","0","3","3","2","1","3","1","4","Travel_Rarely","4","1","No","No"
"887","49","Female","Married","3","Technical Degree","Research & Development","Research Scientist","1","3580","16","1","7","2","4","2","0","2","3","3","1","3","2","3","Travel_Rarely","1","2","No","No"
"888","24","Male","Married","1","Life Sciences","Research & Development","Laboratory Technician","1","3162","17","0","6","2","5","2","3","4","1","2","4","3","4","2","Non-Travel","4","0","No","No"
"889","32","Male","Married","2","Life Sciences","Sales","Sales Executive","2","6524","14","1","10","3","10","8","5","3","2","3","2","3","4","3","Travel_Frequently","5","1","No","No"
"893","38","Male","Married","3","Marketing","Sales","Sales Representative","1","2899","19","1","3","3","2","2","1","2","2","2","2","3","4","3","Travel_Rarely","9","0","No","No"
"894","42","Female","Married","3","Life Sciences","Research & Development","Laboratory Technician","2","5231","13","1","17","1","5","3","1","3","3","4","4","3","2","2","Travel_Rarely","3","2","Yes","No"
"895","31","Male","Married","4","Life Sciences","Research & Development","Research Scientist","1","2356","19","1","8","2","6","4","0","2","4","3","4","3","2","3","Travel_Rarely","11","3","Yes","No"
"896","29","Female","Divorced","3","Medical","Sales","Sales Representative","1","2800","19","3","5","3","3","2","0","2","2","2","3","3","3","3","Travel_Rarely","1","6","Yes","Yes"
"897","53","Male","Married","3","Marketing","Sales","Sales Executive","4","11836","14","1","28","3","2","0","2","2","1","3","4","3","3","3","Travel_Rarely","8","5","No","No"
"899","35","Male","Married","3","Technical Degree","Research & Development","Manufacturing Director","3","10903","16","0","16","2","13","10","4","8","4","2","2","3","1","3","Travel_Rarely","25","3","No","No"
"900","37","Female","Married","2","Medical","Sales","Sales Representative","1","2973","15","1","10","3","5","4","0","0","3","3","4","3","2","3","Travel_Frequently","21","5","No","No"
"901","53","Female","Single","4","Life Sciences","Research & Development","Research Director","4","14275","18","0","33","0","12","9","3","8","4","3","4","3","3","3","Travel_Rarely","23","6","No","No"
"902","43","Female","Married","3","Life Sciences","Research & Development","Healthcare Representative","2","5562","13","1","12","2","5","2","2","2","4","3","4","3","2","2","Travel_Frequently","1","4","No","No"
"903","47","Female","Married","2","Marketing","Sales","Sales Executive","2","4537","22","1","8","2","7","6","7","7","3","3","4","4","1","3","Travel_Rarely","2","0","Yes","No"
"904","37","Male","Single","2","Medical","Sales","Sales Executive","3","7642","13","0","10","2","10","0","0","9","1","3","2","3","4","3","Non-Travel","19","1","Yes","No"
"905","50","Male","Divorced","4","Life Sciences","Research & Development","Manager","4","17924","11","1","31","3","31","6","14","7","1","3","1","3","4","3","Non-Travel","2","1","No","No"
"909","39","Female","Married","3","Life Sciences","Human Resources","Human Resources","2","5204","11","2","13","2","5","4","0","4","4","2","4","3","3","3","Travel_Rarely","2","8","No","No"
"910","33","Male","Divorced","2","Human Resources","Human Resources","Human Resources","1","2277","11","1","7","4","4","3","0","3","4","3","2","3","3","4","Travel_Rarely","3","3","Yes","No"
"911","32","Male","Single","4","Life Sciences","Research & Development","Laboratory Technician","1","2795","24","0","1","2","1","0","0","1","1","3","4","4","3","1","Travel_Rarely","25","1","Yes","Yes"
"912","29","Female","Divorced","1","Medical","Research & Development","Laboratory Technician","1","2532","14","3","8","5","4","3","0","3","1","2","4","3","3","3","Travel_Rarely","7","6","No","No"
"913","44","Male","Married","2","Life Sciences","Research & Development","Research Scientist","1","2559","13","0","8","0","8","7","7","1","2","3","1","3","4","3","Travel_Rarely","9","1","Yes","No"
"916","28","Male","Single","4","Medical","Sales","Sales Executive","2","4908","14","0","4","3","4","2","0","2","1","3","4","3","2","3","Travel_Rarely","5","1","No","No"
"918","58","Male","Divorced","1","Life Sciences","Research & Development","Laboratory Technician","1","2380","14","1","3","3","1","0","0","0","4","2","4","3","4","2","Travel_Frequently","2","9","Yes","Yes"
"920","43","Female","Divorced","3","Life Sciences","Research & Development","Manufacturing Director","2","4765","21","1","4","2","1","0","0","0","1","3","2","4","3","4","Travel_Rarely","8","4","No","No"
"922","20","Female","Single","3","Medical","Sales","Sales Representative","1","2044","13","0","2","3","2","2","0","2","3","2","3","3","4","2","Travel_Rarely","2","1","No","Yes"
"923","21","Female","Single","1","Other","Research & Development","Research Scientist","1","2693","19","0","1","3","1","0","0","0","4","3","4","3","1","2","Travel_Rarely","18","1","No","Yes"
"924","36","Male","Married","1","Life Sciences","Research & Development","Healthcare Representative","2","6586","17","1","17","2","16","8","4","11","3","3","4","3","1","2","Travel_Rarely","14","0","Yes","No"
"925","47","Female","Single","4","Life Sciences","Sales","Sales Representative","1","3294","18","0","3","3","3","2","1","2","4","2","4","3","1","2","Travel_Rarely","2","1","Yes","No"
"926","22","Female","Married","1","Life Sciences","Research & Development","Manufacturing Director","2","4171","19","1","4","3","3","2","0","2","2","3","3","3","1","4","Travel_Rarely","3","0","Yes","Yes"
"927","41","Female","Divorced","4","Life Sciences","Research & Development","Laboratory Technician","1","2778","13","1","10","1","7","7","1","0","2","1","4","3","3","2","Travel_Rarely","2","4","Yes","Yes"
"930","28","Female","Divorced","3","Medical","Research & Development","Research Scientist","1","2377","18","1","6","2","2","2","2","2","3","3","3","3","2","3","Travel_Rarely","9","5","No","No"
"932","39","Male","Married","3","Medical","Research & Development","Laboratory Technician","1","2404","21","0","8","2","2","2","2","2","4","3","1","4","4","1","Travel_Rarely","6","7","Yes","Yes"
"933","27","Female","Single","3","Life Sciences","Research & Development","Research Scientist","1","2318","19","0","1","2","1","1","0","0","2","3","3","3","3","3","Travel_Rarely","4","1","No","No"
"934","34","Male","Divorced","3","Life Sciences","Research & Development","Laboratory Technician","1","2008","14","2","1","3","1","0","1","0","2","3","2","3","2","3","Travel_Rarely","10","1","No","No"
"936","42","Female","Single","2","Medical","Sales","Sales Executive","2","6244","17","0","10","6","5","4","0","3","3","2","3","3","1","3","Travel_Rarely","14","7","No","No"
"939","33","Male","Single","4","Other","Research & Development","Research Scientist","1","2799","11","0","6","1","3","2","0","2","3","2","1","3","2","3","Travel_Rarely","1","3","Yes","No"
"940","58","Female","Divorced","3","Technical Degree","Research & Development","Healthcare Representative","3","10552","13","1","24","3","6","0","0","4","3","2","2","3","4","3","Travel_Rarely","5","2","Yes","No"
"941","31","Male","Married","4","Life Sciences","Sales","Sales Representative","1","2329","15","0","13","2","7","7","5","2","2","2","3","3","2","4","Travel_Rarely","7","3","No","No"
"942","35","Female","Married","1","Life Sciences","Research & Development","Healthcare Representative","2","4014","25","1","10","2","10","6","0","7","4","3","4","4","4","1","Travel_Rarely","21","1","Yes","No"
"944","49","Female","Married","2","Other","Research & Development","Laboratory Technician","3","7403","11","1","29","3","26","9","1","7","1","3","2","3","3","2","Travel_Rarely","8","4","No","No"
"945","48","Male","Married","4","Medical","Research & Development","Research Scientist","1","2259","17","2","13","2","0","0","0","0","4","3","3","3","1","2","Travel_Rarely","20","4","No","No"
"947","31","Female","Married","2","Marketing","Sales","Sales Executive","2","6932","13","1","9","2","9","8","0","0","4","3","3","3","4","2","Non-Travel","20","1","No","No"
"949","36","Male","Single","4","Other","Research & Development","Research Scientist","1","4678","18","0","8","6","6","2","0","1","2","3","4","3","3","3","Travel_Rarely","7","2","No","No"
"950","38","Female","Married","3","Technical Degree","Research & Development","Research Director","3","13582","13","1","15","3","15","12","5","11","4","3","1","3","2","3","Travel_Rarely","1","1","No","No"
"951","32","Female","Married","3","Life Sciences","Research & Development","Laboratory Technician","1","2332","20","0","5","3","3","0","0","2","3","2","2","4","3","3","Non-Travel","1","6","No","No"
"952","25","Male","Married","2","Marketing","Sales","Sales Representative","1","2413","18","3","1","2","1","0","0","0","3","2","2","3","3","3","Travel_Rarely","19","1","Yes","Yes"
"954","40","Male","Divorced","4","Marketing","Sales","Sales Executive","3","9705","12","1","11","2","1","0","0","0","1","2","2","3","2","2","Travel_Rarely","10","2","No","No"
"956","26","Male","Single","3","Medical","Sales","Sales Executive","2","4294","12","0","7","2","7","7","0","7","3","2","1","3","2","3","Travel_Frequently","1","1","No","No"
"957","41","Male","Single","3","Medical","Research & Development","Laboratory Technician","1","4721","13","0","20","3","18","13","2","17","4","3","1","3","3","3","Travel_Rarely","6","2","Yes","No"
"958","36","Male","Single","4","Medical","Research & Development","Laboratory Technician","1","2519","21","0","16","6","11","8","3","9","3","3","3","4","3","3","Travel_Rarely","2","4","No","No"
"959","19","Male","Single","3","Other","Sales","Sales Representative","1","2121","13","0","1","3","1","0","0","0","4","2","2","3","2","4","Travel_Rarely","21","1","Yes","Yes"
"960","20","Male","Single","3","Technical Degree","Research & Development","Laboratory Technician","1","2973","19","0","1","2","1","0","0","0","1","3","1","3","2","3","Travel_Rarely","4","1","No","Yes"
"961","31","Female","Married","3","Medical","Research & Development","Healthcare Representative","2","5855","11","2","10","2","9","7","8","5","4","3","4","3","3","1","Travel_Rarely","12","0","Yes","No"
"964","40","Male","Divorced","4","Medical","Research & Development","Research Scientist","1","3617","14","1","3","2","1","1","0","0","4","3","2","3","4","3","Travel_Frequently","9","8","Yes","No"
"966","32","Female","Married","4","Medical","Research & Development","Manufacturing Director","2","6725","12","1","8","2","8","7","6","3","3","3","1","3","3","4","Travel_Rarely","3","1","No","No"
"967","36","Male","Married","1","Life Sciences","Sales","Sales Executive","3","10325","11","1","16","6","16","7","3","7","3","2","4","3","1","3","Travel_Rarely","3","1","Yes","Yes"
"969","33","Female","Single","3","Life Sciences","Research & Development","Healthcare Representative","2","6949","14","0","6","3","5","0","1","4","2","2","4","3","1","3","Travel_Rarely","1","0","No","No"
"970","37","Male","Married","4","Life Sciences","Sales","Sales Executive","3","10609","11","0","17","2","14","1","11","7","1","2","3","3","3","1","Travel_Rarely","1","5","No","Yes"
"972","45","Male","Married","2","Life Sciences","Research & Development","Laboratory Technician","2","4447","12","0","9","5","9","7","0","8","3","3","2","3","2","2","Non-Travel","4","1","No","No"
"974","29","Female","Married","3","Technical Degree","Sales","Sales Representative","1","2157","15","1","3","5","3","1","0","2","3","3","4","3","2","3","Travel_Frequently","20","1","No","No"
"975","35","Female","Married","3","Medical","Sales","Sales Executive","2","4601","16","0","5","3","5","2","1","0","3","3","3","3","2","3","Travel_Rarely","18","1","No","No"
"976","52","Male","Married","2","Life Sciences","Research & Development","Manager","4","17099","15","1","26","2","9","8","7","8","4","3","4","3","2","2","Travel_Rarely","1","2","No","No"
"977","58","Male","Single","3","Technical Degree","Research & Development","Research Scientist","1","2479","24","0","7","4","1","0","0","0","4","3","3","4","1","3","Travel_Rarely","2","4","No","Yes"
"981","53","Male","Divorced","2","Medical","Sales","Manager","4","14852","13","1","22","3","17","13","15","2","3","3","3","3","3","4","Travel_Rarely","2","6","No","No"
"982","30","Male","Divorced","2","Other","Sales","Sales Executive","3","7264","11","1","10","2","8","4","7","7","3","3","3","3","1","4","Travel_Rarely","8","5","No","No"
"983","38","Female","Single","3","Technical Degree","Sales","Sales Executive","2","5666","13","0","6","1","5","3","1","3","3","3","4","3","2","3","Non-Travel","10","1","Yes","No"
"984","35","Male","Divorced","4","Life Sciences","Sales","Sales Executive","3","7823","13","1","12","2","10","9","0","8","4","3","4","3","2","3","Travel_Rarely","3","6","No","No"
"985","39","Male","Single","5","Life Sciences","Sales","Sales Executive","3","7880","18","0","9","3","8","7","0","7","1","4","3","3","4","3","Travel_Rarely","2","0","No","No"
"986","40","Female","Single","3","Life Sciences","Sales","Sales Executive","4","13194","16","0","22","2","1","0","0","0","2","4","2","3","4","2","Non-Travel","24","4","Yes","Yes"
"987","47","Male","Divorced","4","Medical","Research & Development","Manufacturing Director","2","5067","19","0","20","3","19","10","2","7","3","4","3","3","3","4","Travel_Frequently","16","1","Yes","No"
"990","36","Male","Divorced","4","Technical Degree","Sales","Sales Executive","2","5079","13","2","12","3","7","7","0","7","1","3","4","3","4","3","Non-Travel","8","4","No","No"
"991","31","Male","Single","2","Medical","Research & Development","Research Scientist","1","2321","22","0","4","0","3","2","1","2","3","2","1","4","1","3","Non-Travel","9","0","Yes","Yes"
"992","33","Male","Single","3","Life Sciences","Sales","Manager","4","17444","11","0","10","2","10","8","6","0","4","3","3","3","4","3","Non-Travel","17","1","No","No"
"994","29","Female","Single","3","Life Sciences","Research & Development","Research Scientist","1","2404","20","0","3","5","0","0","0","0","4","2","1","4","3","3","Travel_Rarely","10","6","Yes","Yes"
"995","33","Female","Single","1","Life Sciences","Research & Development","Research Scientist","1","3452","18","0","5","4","3","2","0","2","2","3","4","3","1","3","Travel_Rarely","13","3","No","No"
"996","45","Female","Divorced","4","Medical","Research & Development","Laboratory Technician","1","2270","14","2","8","2","5","3","0","2","4","3","4","3","4","3","Travel_Rarely","1","3","No","No"
"997","50","Male","Divorced","2","Medical","Research & Development","Research Director","4","17399","22","1","32","1","5","4","1","3","4","3","4","4","3","2","Travel_Rarely","1","9","No","No"
"998","33","Female","Married","4","Other","Research & Development","Healthcare Representative","2","5488","13","1","6","2","6","5","1","2","3","4","2","3","1","3","Travel_Frequently","1","1","Yes","No"
"999","41","Male","Divorced","3","Medical","Research & Development","Research Director","5","19419","17","1","21","2","18","16","0","11","1","3","3","3","2","4","Travel_Frequently","9","2","No","No"
"1001","27","Female","Married","4","Technical Degree","Research & Development","Laboratory Technician","1","2811","14","1","4","2","2","2","2","2","3","3","2","3","2","3","Travel_Rarely","16","9","No","No"
"1002","45","Male","Married","2","Life Sciences","Research & Development","Laboratory Technician","2","3633","15","1","9","2","9","8","0","8","4","3","1","3","3","3","Non-Travel","23","1","Yes","No"
"1003","47","Female","Single","2","Life Sciences","Sales","Sales Executive","2","4163","17","0","9","0","9","0","0","7","4","3","4","3","3","3","Travel_Rarely","4","1","Yes","No"
"1004","30","Female","Married","3","Life Sciences","Research & Development","Research Scientist","1","2132","11","0","7","2","5","2","0","1","1","3","3","3","2","3","Travel_Rarely","22","4","Yes","Yes"
"1005","50","Male","Married","3","Life Sciences","Research & Development","Manufacturing Director","4","13973","18","1","22","2","12","11","1","5","4","3","3","3","4","3","Travel_Rarely","24","3","Yes","No"
"1006","38","Male","Married","1","Medical","Research & Development","Research Scientist","1","2684","17","1","3","0","2","1","0","2","3","3","3","3","2","2","Travel_Frequently","10","0","No","No"
"1007","46","Male","Divorced","2","Medical","Research & Development","Manufacturing Director","3","10845","13","1","13","3","8","7","0","7","4","3","3","3","2","3","Travel_Rarely","7","6","No","No"
"1009","24","Female","Divorced","1","Medical","Research & Development","Manufacturing Director","2","4377","15","2","5","6","4","2","3","2","4","2","3","3","2","3","Travel_Rarely","17","1","No","No"
"1010","35","Male","Divorced","4","Other","Research & Development","Laboratory Technician","1","3743","24","1","5","2","4","2","0","2","3","2","2","4","4","1","Travel_Rarely","14","1","Yes","Yes"
"1011","31","Female","Married","1","Life Sciences","Research & Development","Manufacturing Director","2","4148","12","1","4","1","4","3","0","3","3","3","1","3","3","3","Travel_Frequently","1","1","No","No"
"1012","18","Male","Single","2","Life Sciences","Research & Development","Research Scientist","1","1051","15","0","0","2","0","0","0","0","2","3","4","3","4","3","Non-Travel","5","1","No","No"
"1013","54","Female","Married","3","Technical Degree","Research & Development","Manufacturing Director","3","10739","11","1","22","2","10","7","0","8","3","3","3","3","3","3","Travel_Rarely","17","8","No","No"
"1014","35","Female","Divorced","4","Medical","Research & Development","Healthcare Representative","3","10388","11","1","16","3","16","10","10","1","3","3","3","3","3","2","Travel_Rarely","25","1","Yes","No"
"1015","30","Female","Married","2","Life Sciences","Research & Development","Research Director","3","11416","12","3","9","4","8","7","1","7","2","4","1","3","3","2","Travel_Rarely","8","0","Yes","No"
"1016","20","Female","Single","3","Medical","Research & Development","Research Scientist","1","2600","15","0","1","2","1","0","0","0","4","2","1","3","1","3","Travel_Rarely","11","1","Yes","Yes"
"1017","30","Female","Single","3","Medical","Research & Development","Laboratory Technician","1","2422","17","0","4","3","3","2","1","2","2","3","2","3","1","3","Travel_Frequently","5","0","No","Yes"
"1018","26","Male","Married","2","Medical","Research & Development","Manufacturing Director","2","5472","12","0","8","2","8","7","1","3","4","4","4","3","2","3","Travel_Rarely","2","1","No","No"
"1019","22","Male","Married","1","Life Sciences","Research & Development","Laboratory Technician","1","2451","15","1","4","3","4","3","1","1","2","1","1","3","1","2","Travel_Rarely","8","1","No","No"
"1022","48","Male","Single","3","Life Sciences","Research & Development","Healthcare Representative","2","4240","13","0","19","0","2","2","2","2","1","2","3","3","4","3","Travel_Rarely","6","2","No","No"
"1024","48","Male","Single","4","Life Sciences","Research & Development","Healthcare Representative","3","10999","14","0","27","3","15","11","4","8","3","2","3","3","2","3","Travel_Rarely","4","7","No","No"
"1025","41","Female","Single","2","Medical","Research & Development","Manufacturing Director","2","5003","14","0","8","6","2","2","2","1","4","3","3","3","2","3","Travel_Rarely","7","6","No","No"
"1026","39","Female","Married","1","Life Sciences","Research & Development","Manufacturing Director","4","12742","16","1","21","3","21","6","11","8","4","2","4","3","3","3","Travel_Rarely","1","1","No","No"
"1027","27","Female","Married","4","Life Sciences","Research & Development","Manufacturing Director","2","4227","18","1","4","2","3","2","2","2","1","3","4","3","2","3","Travel_Rarely","2","0","No","No"
"1028","35","Male","Divorced","3","Other","Research & Development","Laboratory Technician","1","3917","20","1","3","4","3","2","1","2","2","3","4","4","1","2","Travel_Rarely","10","1","No","No"
"1029","42","Male","Married","2","Marketing","Sales","Manager","5","18303","13","0","21","3","1","0","0","0","4","3","3","3","2","4","Travel_Rarely","5","6","No","No"
"1030","50","Male","Married","3","Life Sciences","Research & Development","Laboratory Technician","1","2380","18","0","8","5","1","0","0","0","1","3","4","3","2","3","Travel_Rarely","9","4","No","No"
"1032","59","Female","Single","3","Life Sciences","Research & Development","Manufacturing Director","4","13726","13","0","30","4","5","3","4","3","3","2","4","3","1","3","Travel_Rarely","2","3","Yes","No"
"1033","37","Female","Married","2","Medical","Research & Development","Healthcare Representative","2","4777","15","0","15","2","1","0","0","0","1","1","2","3","1","1","Travel_Rarely","11","5","No","Yes"
"1034","55","Male","Married","4","Medical","Research & Development","Healthcare Representative","2","6385","14","2","17","3","8","7","6","7","3","3","2","3","4","3","Travel_Frequently","18","3","Yes","No"
"1035","41","Female","Divorced","1","Life Sciences","Research & Development","Research Director","5","19973","22","2","21","3","21","16","5","10","2","1","3","4","2","3","Non-Travel","7","1","No","No"
"1036","38","Male","Single","4","Life Sciences","Sales","Sales Executive","2","6861","12","0","19","1","1","0","0","0","2","3","4","3","3","3","Travel_Rarely","3","8","Yes","No"
"1037","26","Male","Single","2","Medical","Sales","Sales Executive","2","4969","18","0","7","6","2","2","2","2","2","1","1","3","4","3","Non-Travel","29","8","No","Yes"
"1038","52","Female","Married","1","Marketing","Sales","Manager","5","19845","15","1","33","3","32","14","6","9","1","1","4","3","4","3","Travel_Rarely","2","1","No","Yes"
"1039","44","Female","Married","3","Medical","Sales","Sales Executive","4","13320","18","1","23","2","12","11","11","11","4","4","4","3","3","3","Travel_Rarely","28","3","Yes","No"
"1040","50","Female","Married","3","Life Sciences","Sales","Sales Executive","2","6347","12","1","19","3","18","7","0","13","4","3","3","3","1","3","Non-Travel","1","0","No","No"
"1042","36","Female","Single","4","Life Sciences","Research & Development","Laboratory Technician","1","2743","16","0","18","1","17","13","15","14","3","4","1","3","3","3","Travel_Rarely","16","1","No","Yes"
"1043","39","Female","Single","3","Medical","Research & Development","Manufacturing Director","3","10880","13","0","21","2","21","6","2","8","4","3","1","3","3","3","Travel_Frequently","22","1","Yes","No"
"1044","33","Female","Single","1","Life Sciences","Sales","Sales Representative","1","2342","19","0","3","2","2","2","2","2","2","2","4","3","4","2","Non-Travel","8","0","No","No"
"1045","45","Female","Married","2","Life Sciences","Sales","Manager","4","17650","13","1","26","4","9","3","1","1","4","3","4","3","2","4","Travel_Rarely","11","3","No","No"
"1046","32","Female","Single","4","Medical","Research & Development","Laboratory Technician","1","4025","12","0","10","2","8","7","7","7","4","3","3","3","2","3","Non-Travel","29","9","No","No"
"1047","34","Male","Divorced","4","Marketing","Sales","Sales Executive","2","9725","11","1","16","2","15","1","0","9","2","4","4","3","4","2","Travel_Rarely","1","0","No","No"
"1048","59","Male","Married","2","Technical Degree","Sales","Manager","3","11904","14","1","14","1","6","4","0","4","2","3","4","3","3","1","Travel_Rarely","1","3","Yes","No"
"1049","45","Male","Single","4","Medical","Human Resources","Human Resources","1","2177","16","0","6","3","6","3","0","4","2","3","2","3","1","3","Travel_Rarely","24","1","No","No"
"1050","53","Female","Married","3","Marketing","Sales","Sales Executive","3","7525","12","1","30","2","15","7","6","12","3","2","2","3","1","3","Travel_Frequently","2","2","No","No"
"1052","36","Male","Divorced","3","Other","Research & Development","Laboratory Technician","2","4834","14","1","9","3","1","0","0","0","1","3","3","3","2","2","Travel_Rarely","15","7","No","Yes"
"1053","26","Male","Married","3","Life Sciences","Research & Development","Research Scientist","1","2042","14","1","6","2","3","2","1","2","1","3","1","3","2","3","Travel_Frequently","2","6","Yes","Yes"
"1055","34","Female","Married","4","Life Sciences","Sales","Sales Representative","1","2220","19","1","1","2","1","1","0","0","3","3","3","3","4","3","Travel_Rarely","10","1","Yes","No"
"1056","28","Male","Married","1","Medical","Sales","Sales Representative","1","1052","22","0","1","5","1","0","0","0","4","3","2","4","2","3","Travel_Rarely","10","1","No","No"
"1060","38","Male","Married","4","Other","Research & Development","Research Scientist","1","2821","16","1","8","2","2","2","2","2","3","3","3","3","1","3","Travel_Frequently","3","3","No","No"
"1061","50","Male","Married","4","Medical","Research & Development","Research Director","5","19237","11","1","29","2","8","1","7","7","2","3","3","3","4","2","Travel_Rarely","2","2","Yes","No"
"1062","37","Female","Single","3","Other","Research & Development","Healthcare Representative","2","4107","15","0","8","3","4","3","0","1","4","3","2","3","1","2","Travel_Rarely","3","3","No","No"
"1066","40","Male","Married","3","Marketing","Sales","Sales Executive","2","8396","14","1","8","3","7","7","7","5","3","3","1","3","2","2","Travel_Rarely","26","1","No","No"
"1068","26","Female","Divorced","1","Medical","Research & Development","Research Scientist","1","2007","13","2","5","5","5","3","1","3","1","2","3","3","3","3","Travel_Frequently","1","1","No","No"
"1069","46","Male","Divorced","4","Medical","Research & Development","Research Director","5","19627","17","2","23","0","2","2","2","2","4","3","4","3","4","3","Travel_Rarely","1","9","No","No"
"1070","54","Female","Married","4","Life Sciences","Sales","Sales Executive","3","10686","11","1","13","4","9","4","7","0","3","2","3","3","2","3","Travel_Rarely","2","6","No","No"
"1071","56","Female","Married","3","Medical","Research & Development","Research Scientist","1","2942","19","1","18","4","5","4","0","3","1","3","3","3","2","3","Travel_Frequently","9","2","No","No"
"1073","36","Female","Single","5","Medical","Research & Development","Manufacturing Director","3","8858","11","0","15","2","14","8","7","8","4","2","4","3","2","2","Travel_Rarely","12","0","No","No"
"1074","55","Male","Single","1","Medical","Research & Development","Manager","4","16756","15","0","31","3","9","7","6","2","3","2","1","3","2","4","Non-Travel","2","7","No","No"
"1076","43","Male","Divorced","3","Medical","Sales","Sales Executive","3","10798","13","1","18","5","1","0","0","0","3","2","4","3","3","3","Travel_Rarely","25","5","No","No"
"1077","20","Female","Single","3","Marketing","Sales","Sales Representative","1","2323","14","0","2","3","2","2","0","2","4","3","4","3","2","3","Travel_Frequently","9","1","Yes","Yes"
"1079","21","Female","Single","3","Life Sciences","Research & Development","Laboratory Technician","1","1416","13","0","1","6","1","0","1","0","3","2","1","3","1","2","Travel_Rarely","10","1","No","Yes"
"1080","46","Female","Divorced","4","Life Sciences","Research & Development","Research Scientist","2","4615","23","3","19","2","16","13","1","7","4","2","1","4","1","3","Travel_Rarely","8","8","Yes","No"
"1081","51","Male","Married","4","Life Sciences","Research & Development","Research Scientist","1","2461","12","3","18","2","10","0","2","7","1","3","3","3","3","4","Travel_Rarely","4","9","Yes","Yes"
"1082","28","Male","Single","2","Technical Degree","Research & Development","Healthcare Representative","3","8722","12","0","10","2","10","7","1","9","2","2","1","3","1","2","Non-Travel","24","1","No","Yes"
"1083","26","Male","Married","2","Medical","Research & Development","Laboratory Technician","1","3955","16","2","6","2","5","3","1","3","1","2","1","3","1","3","Travel_Rarely","1","1","No","No"
"1084","30","Male","Married","3","Other","Research & Development","Manufacturing Director","2","9957","15","1","7","1","6","2","0","2","3","3","1","3","3","2","Travel_Rarely","20","0","No","No"
"1085","41","Female","Married","2","Technical Degree","Research & Development","Research Scientist","1","3376","13","0","10","3","10","6","0","8","2","4","3","3","3","3","Travel_Rarely","7","1","No","No"
"1088","38","Female","Married","1","Life Sciences","Research & Development","Healthcare Representative","3","8823","18","1","20","4","19","9","1","9","3","2","3","3","1","2","Travel_Rarely","17","0","No","No"
"1092","40","Male","Married","4","Technical Degree","Research & Development","Healthcare Representative","3","10322","20","1","14","6","11","10","11","1","1","3","4","4","4","3","Travel_Rarely","20","4","No","No"
"1094","27","Male","Married","5","Life Sciences","Research & Development","Laboratory Technician","1","4621","19","3","3","4","3","2","1","2","1","1","3","3","4","3","Non-Travel","8","1","No","No"
"1096","55","Male","Married","1","Life Sciences","Research & Development","Manufacturing Director","3","10976","18","1","23","4","3","2","1","2","4","3","2","3","2","3","Travel_Frequently","2","3","No","No"
"1097","28","Female","Single","3","Other","Research & Development","Research Scientist","2","3660","13","0","10","4","8","7","1","7","3","3","3","3","4","4","Travel_Rarely","10","3","No","No"
"1098","44","Male","Married","2","Medical","Human Resources","Human Resources","3","10482","14","1","24","1","20","6","3","6","2","2","1","3","4","3","Travel_Rarely","1","9","No","Yes"
"1099","33","Male","Divorced","3","Life Sciences","Research & Development","Healthcare Representative","3","7119","15","1","9","2","3","2","1","2","4","2","4","3","3","3","Travel_Rarely","5","4","No","No"
"1100","35","Male","Single","3","Technical Degree","Sales","Sales Executive","3","9582","22","0","9","2","8","7","4","7","4","3","1","4","1","3","Travel_Rarely","4","0","Yes","Yes"
"1101","33","Female","Single","4","Medical","Research & Development","Research Scientist","2","4508","22","0","14","4","13","7","3","8","1","2","3","4","2","3","Travel_Frequently","29","1","No","Yes"
"1102","28","Male","Divorced","2","Life Sciences","Research & Development","Laboratory Technician","1","2207","16","1","4","5","4","2","2","2","1","3","3","3","4","2","Travel_Rarely","15","1","No","No"
"1103","34","Male","Single","1","Life Sciences","Research & Development","Healthcare Representative","2","7756","17","0","7","1","6","2","0","4","1","3","4","3","3","2","Travel_Frequently","3","0","No","No"
"1105","37","Female","Divorced","4","Life Sciences","Sales","Sales Executive","2","6694","14","3","8","5","1","0","0","0","4","2","4","3","3","3","Travel_Rarely","10","2","Yes","No"
"1106","25","Male","Married","1","Technical Degree","Research & Development","Laboratory Technician","1","3691","15","1","7","3","7","7","5","6","4","3","4","3","2","4","Travel_Rarely","4","1","Yes","Yes"
"1107","26","Male","Divorced","3","Medical","Research & Development","Laboratory Technician","1","2377","20","1","1","0","1","1","0","0","1","3","3","4","3","2","Travel_Rarely","21","1","No","Yes"
"1108","33","Male","Single","3","Medical","Research & Development","Research Scientist","1","2313","20","0","5","0","2","2","2","2","1","2","2","4","2","3","Travel_Rarely","25","4","Yes","Yes"
"1109","42","Male","Married","2","Medical","Research & Development","Manager","4","17665","17","1","23","3","22","6","13","7","4","3","1","3","4","3","Travel_Rarely","2","0","No","No"
"1111","28","Male","Divorced","3","Medical","Research & Development","Laboratory Technician","1","2596","15","2","1","2","1","0","0","0","1","2","2","3","1","3","Travel_Frequently","1","1","No","Yes"
"1113","50","Male","Single","4","Other","Sales","Sales Executive","2","4728","14","0","5","4","0","0","0","0","4","3","3","3","4","3","Travel_Frequently","1","3","Yes","Yes"
"1114","33","Female","Married","3","Life Sciences","Sales","Sales Executive","2","4302","17","1","4","3","3","2","0","2","4","3","2","3","3","3","Travel_Frequently","7","0","No","No"
"1115","34","Male","Married","4","Life Sciences","Research & Development","Research Scientist","1","2979","17","3","6","2","0","0","0","0","3","2","4","3","4","3","Non-Travel","3","3","No","No"
"1116","48","Male","Single","4","Medical","Research & Development","Manager","4","16885","22","0","27","3","5","4","2","1","1","4","4","4","3","2","Non-Travel","1","2","No","No"
"1117","45","Female","Married","4","Life Sciences","Sales","Sales Executive","2","5593","13","1","15","2","15","10","4","12","2","2","3","3","4","3","Non-Travel","9","1","No","No"
"1118","52","Male","Single","4","Life Sciences","Research & Development","Healthcare Representative","3","10445","19","0","18","4","8","6","4","0","2","3","2","3","4","3","Travel_Rarely","7","7","No","No"
"1119","38","Male","Divorced","4","Marketing","Sales","Sales Executive","3","8740","14","2","9","2","8","7","2","7","3","2","3","3","2","3","Travel_Rarely","10","0","Yes","No"
"1120","29","Female","Divorced","4","Life Sciences","Research & Development","Research Scientist","1","2514","22","1","11","1","7","5","1","7","3","3","4","4","1","3","Travel_Rarely","28","4","No","No"
"1121","28","Female","Divorced","3","Medical","Research & Development","Manufacturing Director","3","7655","17","3","10","3","9","7","1","7","4","3","2","3","2","2","Travel_Rarely","3","0","No","No"
"1124","46","Male","Married","1","Marketing","Sales","Manager","4","17465","12","1","23","3","12","9","4","9","1","3","3","3","4","3","Travel_Rarely","3","3","No","No"
"1125","38","Male","Single","2","Marketing","Sales","Sales Executive","3","7351","16","0","10","2","1","0","0","0","4","3","2","3","3","3","Travel_Rarely","2","7","No","No"
"1126","43","Female","Married","3","Life Sciences","Research & Development","Manufacturing Director","3","10820","11","1","18","1","8","7","0","1","3","3","1","3","3","3","Travel_Frequently","27","8","No","No"
"1127","39","Male","Divorced","3","Life Sciences","Research & Development","Healthcare Representative","4","12169","11","3","21","4","18","7","11","5","1","3","4","3","4","3","Travel_Frequently","2","7","No","Yes"
"1128","40","Male","Single","3","Medical","Research & Development","Research Director","5","19626","14","0","21","2","20","7","4","9","3","2","3","3","1","4","Travel_Rarely","14","1","No","No"
"1131","21","Female","Single","1","Technical Degree","Research & Development","Research Scientist","1","2070","11","0","2","6","2","2","2","2","4","2","2","3","3","4","Travel_Rarely","1","1","Yes","No"
"1132","39","Male","Single","3","Life Sciences","Research & Development","Laboratory Technician","2","6782","15","0","9","2","5","4","0","3","3","3","2","3","3","2","Non-Travel","9","9","No","No"
"1133","36","Male","Single","4","Life Sciences","Research & Development","Manufacturing Director","2","7779","20","0","18","0","11","9","0","9","1","3","4","4","1","3","Non-Travel","18","2","No","No"
"1135","31","Male","Married","3","Life Sciences","Sales","Sales Representative","1","2791","12","1","3","4","2","2","2","2","3","4","4","3","1","3","Travel_Frequently","20","0","No","No"
"1136","28","Male","Married","1","Life Sciences","Research & Development","Research Scientist","1","3201","17","0","6","2","5","3","0","4","1","2","2","3","1","1","Travel_Rarely","2","0","No","No"
"1137","35","Male","Divorced","2","Marketing","Sales","Sales Executive","2","4968","11","1","5","3","5","2","0","2","4","3","4","3","4","3","Travel_Frequently","11","1","No","No"
"1138","49","Male","Married","4","Technical Degree","Sales","Sales Executive","4","13120","17","1","22","3","9","8","2","3","4","2","2","3","2","3","Travel_Rarely","8","6","No","No"
"1140","34","Male","Single","2","Life Sciences","Research & Development","Manufacturing Director","2","4033","11","0","5","3","3","2","0","2","4","3","3","3","4","2","Travel_Frequently","2","2","No","No"
"1143","29","Female","Divorced","3","Life Sciences","Research & Development","Research Scientist","1","3291","14","2","8","2","7","5","1","1","4","3","2","3","4","2","Travel_Frequently","10","0","No","No"
"1148","42","Male","Single","3","Medical","Research & Development","Laboratory Technician","2","4272","19","0","16","3","1","0","0","0","2","1","4","3","1","3","Travel_Rarely","29","4","No","No"
"1150","29","Male","Married","1","Medical","Research & Development","Manufacturing Director","2","5056","15","1","10","2","10","7","1","2","2","2","4","3","3","2","Travel_Rarely","8","1","Yes","No"
"1152","38","Male","Married","3","Human Resources","Human Resources","Human Resources","1","2844","13","1","7","2","7","6","5","0","3","4","3","3","4","4","Travel_Rarely","1","1","No","No"
"1154","28","Male","Divorced","3","Life Sciences","Research & Development","Research Scientist","1","2703","14","1","3","2","3","1","0","2","3","2","3","3","4","3","Travel_Frequently","6","1","Yes","No"
"1156","18","Male","Single","1","Medical","Research & Development","Laboratory Technician","1","1904","12","0","0","0","0","0","0","0","3","3","3","3","4","3","Non-Travel","8","1","No","Yes"
"1157","33","Female","Single","4","Marketing","Sales","Sales Executive","2","8224","17","0","6","3","5","2","0","3","1","3","1","3","1","3","Travel_Rarely","9","0","Yes","Yes"
"1158","41","Male","Married","4","Life Sciences","Research & Development","Laboratory Technician","1","4766","11","1","6","4","1","0","0","0","2","3","4","3","1","3","Travel_Rarely","12","3","Yes","No"
"1160","31","Male","Married","3","Medical","Research & Development","Laboratory Technician","1","2610","12","1","2","5","2","2","2","2","3","3","3","3","3","2","Travel_Frequently","15","1","No","Yes"
"1161","37","Female","Divorced","2","Medical","Research & Development","Healthcare Representative","2","5731","13","2","9","2","6","2","1","3","3","2","4","3","3","3","Travel_Rarely","25","7","No","No"
"1162","27","Male","Married","3","Life Sciences","Research & Development","Research Scientist","1","2539","13","1","4","0","4","2","2","2","4","2","3","3","3","3","Travel_Rarely","6","1","No","No"
"1163","34","Female","Married","1","Life Sciences","Sales","Sales Executive","2","5714","20","0","6","3","6","5","1","3","2","3","3","4","1","2","Travel_Rarely","9","1","No","No"
"1164","35","Male","Single","4","Technical Degree","Human Resources","Human Resources","1","4323","17","0","6","2","5","4","1","4","3","3","3","3","2","1","Travel_Rarely","8","1","No","No"
"1165","29","Female","Married","1","Life Sciences","Sales","Sales Executive","3","7336","13","1","11","3","11","8","3","10","4","2","1","3","1","1","Travel_Rarely","23","1","No","Yes"
"1166","40","Female","Single","4","Medical","Research & Development","Research Director","3","13499","17","0","20","3","18","7","2","13","2","3","3","3","3","2","Travel_Frequently","9","9","No","No"
"1167","42","Male","Single","3","Life Sciences","Sales","Sales Executive","4","13758","12","0","22","2","21","9","13","14","3","3","1","3","2","2","Travel_Frequently","12","0","Yes","Yes"
"1171","42","Male","Single","4","Marketing","Sales","Sales Executive","2","5155","13","0","9","3","6","4","1","5","2","3","1","3","4","4","Travel_Rarely","4","7","No","No"
"1172","35","Male","Married","4","Medical","Research & Development","Laboratory Technician","1","2258","12","1","10","2","8","0","1","7","4","2","3","3","2","3","Travel_Rarely","1","6","No","No"
"1173","24","Male","Single","3","Medical","Research & Development","Laboratory Technician","1","3597","22","0","6","2","4","3","1","2","4","3","2","4","4","3","Travel_Rarely","24","8","No","No"
"1175","28","Female","Married","1","Life Sciences","Research & Development","Laboratory Technician","1","2515","11","0","1","4","1","1","0","0","3","3","4","3","4","2","Travel_Rarely","12","1","Yes","Yes"
"1177","26","Male","Married","4","Medical","Research & Development","Laboratory Technician","1","4420","22","1","8","2","8","7","0","7","1","4","4","4","2","3","Travel_Rarely","3","1","No","No"
"1179","30","Male","Married","3","Marketing","Sales","Sales Executive","2","6578","18","1","10","3","10","3","1","4","3","2","3","3","1","3","Travel_Rarely","10","1","No","No"
"1180","40","Female","Married","2","Medical","Research & Development","Research Scientist","2","4422","13","1","16","3","1","1","0","0","3","2","4","3","4","1","Travel_Frequently","26","3","Yes","No"
"1182","35","Male","Divorced","3","Life Sciences","Research & Development","Manufacturing Director","3","10274","18","1","15","2","7","7","6","4","3","2","2","3","2","4","Travel_Rarely","2","2","No","No"
"1184","34","Male","Single","3","Medical","Research & Development","Healthcare Representative","2","5343","20","0","14","3","13","9","4","9","4","2","1","4","3","3","Travel_Frequently","1","0","No","No"
"1185","35","Male","Married","4","Other","Research & Development","Laboratory Technician","1","2376","13","1","2","2","2","2","2","2","4","2","4","3","2","4","Travel_Frequently","4","1","No","No"
"1188","43","Female","Single","3","Marketing","Sales","Sales Executive","2","5346","13","0","7","2","4","3","1","3","1","1","3","3","2","2","Travel_Rarely","9","8","No","Yes"
"1190","32","Female","Divorced","1","Life Sciences","Sales","Sales Representative","1","2827","12","3","1","3","1","0","0","0","3","3","1","3","3","3","Non-Travel","2","1","No","No"
"1191","56","Female","Divorced","4","Technical Degree","Research & Development","Manager","5","19943","13","1","28","2","5","2","4","2","4","3","1","3","4","3","Travel_Rarely","4","4","No","No"
"1192","29","Female","Married","1","Medical","Research & Development","Laboratory Technician","1","3131","13","1","10","5","10","8","0","8","2","3","4","3","1","3","Travel_Rarely","6","1","No","No"
"1193","19","Male","Single","2","Life Sciences","Research & Development","Research Scientist","1","2552","25","0","1","4","1","1","0","0","3","3","1","4","3","3","Travel_Rarely","9","1","No","No"
"1195","45","Female","Married","3","Medical","Research & Development","Research Scientist","1","4477","19","1","7","2","3","2","0","2","1","3","3","3","3","2","Travel_Rarely","7","4","Yes","No"
"1196","37","Female","Married","3","Life Sciences","Research & Development","Manufacturing Director","2","6474","13","1","14","2","14","8","3","11","4","2","4","3","2","2","Travel_Rarely","1","1","No","No"
"1198","20","Male","Single","3","Life Sciences","Research & Development","Laboratory Technician","1","3033","12","0","2","2","2","2","1","2","1","2","3","3","1","2","Travel_Rarely","3","1","No","No"
"1200","44","Male","Single","4","Life Sciences","Research & Development","Research Scientist","1","2936","11","0","6","4","6","4","0","2","3","3","3","3","3","3","Travel_Rarely","10","1","Yes","Yes"
"1201","53","Female","Divorced","2","Medical","Research & Development","Manager","5","18606","18","1","26","6","7","7","4","7","4","3","3","3","2","3","Travel_Rarely","7","3","No","No"
"1202","29","Female","Married","1","Life Sciences","Research & Development","Research Scientist","1","2168","18","1","6","2","5","4","1","3","2","1","4","3","1","2","Travel_Rarely","15","0","Yes","No"
"1203","22","Male","Married","4","Life Sciences","Research & Development","Research Scientist","1","2853","11","1","1","5","0","0","0","0","3","2","4","3","2","3","Travel_Frequently","3","0","Yes","Yes"
"1204","46","Female","Married","3","Marketing","Sales","Manager","4","17048","23","0","28","2","26","15","15","9","3","3","1","4","1","3","Travel_Rarely","2","8","No","No"
"1206","44","Male","Single","3","Life Sciences","Research & Development","Research Scientist","1","2290","13","0","6","3","0","0","0","0","4","1","3","3","4","3","Non-Travel","17","2","No","No"
"1207","33","Male","Married","3","Human Resources","Human Resources","Human Resources","1","3600","13","1","5","2","5","4","1","4","2","3","3","3","4","3","Travel_Rarely","2","1","No","No"
"1210","41","Male","Divorced","2","Life Sciences","Research & Development","Research Scientist","1","2107","17","1","5","2","1","0","0","0","1","2","1","3","1","1","Non-Travel","5","6","No","Yes"
"1211","30","Male","Divorced","4","Life Sciences","Sales","Sales Executive","2","4115","19","3","8","3","4","3","0","3","3","3","1","3","3","3","Travel_Rarely","29","8","No","No"
"1212","40","Male","Married","4","Medical","Sales","Sales Executive","2","4327","12","3","5","2","0","0","0","0","2","3","2","3","4","3","Travel_Frequently","2","5","No","No"
"1215","50","Female","Married","3","Medical","Research & Development","Manager","4","17856","22","1","32","3","2","2","2","2","4","3","1","4","3","3","Travel_Frequently","2","2","No","No"
"1216","28","Male","Married","4","Medical","Research & Development","Laboratory Technician","1","3196","12","3","6","2","6","5","3","3","4","2","1","3","3","3","Travel_Rarely","19","1","No","No"
"1217","46","Male","Married","2","Life Sciences","Research & Development","Research Director","5","19081","11","1","25","2","4","2","0","3","4","3","2","3","1","3","Travel_Rarely","15","5","No","No"
"1218","35","Male","Married","4","Life Sciences","Sales","Sales Executive","2","8966","15","3","15","2","7","7","1","7","3","3","1","3","4","3","Travel_Rarely","17","3","Yes","No"
"1219","24","Female","Married","2","Life Sciences","Research & Development","Laboratory Technician","1","2210","13","1","1","3","1","0","0","0","4","3","2","3","1","1","Travel_Rarely","17","1","No","Yes"
"1220","33","Female","Married","3","Medical","Sales","Sales Executive","2","4539","12","1","10","3","10","7","0","1","2","3","3","3","1","2","Travel_Frequently","25","1","No","No"
"1221","36","Male","Divorced","4","Life Sciences","Research & Development","Laboratory Technician","1","2741","14","1","7","4","7","7","1","7","3","1","3","3","3","3","Travel_Rarely","6","1","No","No"
"1224","30","Male","Divorced","4","Life Sciences","Research & Development","Laboratory Technician","2","3491","13","3","10","4","10","7","8","9","3","3","3","3","1","2","Travel_Rarely","7","1","No","No"
"1225","44","Male","Single","4","Other","Research & Development","Research Scientist","2","4541","25","0","20","3","20","11","13","17","4","3","4","4","2","3","Travel_Rarely","29","1","No","No"
"1226","20","Male","Single","3","Marketing","Sales","Sales Representative","1","2678","17","0","2","2","2","1","2","2","3","4","4","3","4","3","Travel_Rarely","21","1","No","No"
"1228","46","Male","Divorced","4","Technical Degree","Research & Development","Manufacturing Director","2","7379","11","1","12","3","6","3","1","4","4","3","4","3","3","2","Travel_Rarely","2","2","No","No"
"1231","42","Male","Married","5","Medical","Human Resources","Human Resources","2","6272","16","1","10","3","4","3","0","3","4","4","1","3","1","4","Non-Travel","2","7","No","No"
"1233","60","Male","Divorced","4","Marketing","Sales","Sales Executive","2","5220","18","1","12","3","11","7","1","9","2","4","4","3","2","3","Travel_Rarely","7","0","Yes","No"
"1234","32","Female","Married","3","Other","Research & Development","Laboratory Technician","1","2743","20","1","2","2","2","2","2","2","3","2","2","4","3","3","Travel_Frequently","13","1","No","No"
"1235","32","Female","Single","2","Life Sciences","Research & Development","Research Scientist","2","4998","14","0","10","2","8","7","0","7","4","3","3","3","4","3","Travel_Frequently","2","4","Yes","No"
"1237","36","Female","Divorced","3","Technical Degree","Research & Development","Manufacturing Director","3","10252","21","1","17","2","7","7","7","7","3","1","1","4","3","3","Travel_Rarely","1","2","Yes","No"
"1238","33","Male","Married","3","Medical","Research & Development","Research Scientist","1","2781","13","1","15","5","14","10","4","10","1","3","4","3","2","3","Travel_Rarely","9","0","No","No"
"1239","40","Female","Divorced","3","Technical Degree","Sales","Sales Executive","2","6852","12","1","7","2","5","1","1","3","2","2","2","3","2","4","Travel_Rarely","10","7","No","No"
"1240","25","Male","Single","4","Life Sciences","Sales","Sales Executive","2","4950","14","0","5","4","4","3","1","1","3","3","4","3","2","3","Travel_Rarely","10","0","No","No"
"1241","30","Male","Married","3","Medical","Research & Development","Research Scientist","1","3579","21","1","12","2","11","9","5","7","4","3","2","4","1","3","Travel_Rarely","1","0","Yes","No"
"1242","42","Female","Married","5","Medical","Research & Development","Research Director","3","13191","17","0","20","6","1","0","0","0","1","3","1","3","3","3","Travel_Frequently","26","3","Yes","No"
"1243","35","Female","Married","2","Marketing","Sales","Sales Executive","3","10377","11","1","16","6","13","2","4","12","3","2","4","3","2","2","Non-Travel","8","4","Yes","No"
"1244","27","Male","Married","3","Life Sciences","Research & Development","Research Scientist","1","2235","14","2","9","3","9","7","6","8","1","3","1","3","4","2","Travel_Rarely","14","1","Yes","No"
"1245","54","Female","Divorced","4","Life Sciences","Research & Development","Manufacturing Director","3","10502","17","1","33","2","5","4","1","4","4","3","3","3","1","1","Travel_Frequently","1","7","No","No"
"1246","44","Female","Married","1","Life Sciences","Research & Development","Research Scientist","1","2011","13","1","10","5","10","5","7","7","1","4","4","3","4","3","Travel_Rarely","2","1","No","No"
"1248","19","Female","Single","3","Medical","Research & Development","Research Scientist","1","1859","25","0","1","2","1","1","0","0","1","2","2","4","2","4","Non-Travel","10","1","Yes","Yes"
"1249","29","Female","Divorced","3","Life Sciences","Research & Development","Research Scientist","1","3760","15","3","3","5","3","2","1","2","1","3","4","3","1","3","Travel_Rarely","1","1","No","No"
"1250","54","Male","Married","3","Life Sciences","Research & Development","Research Director","4","17779","14","0","36","2","10","9","0","9","4","3","4","3","1","3","Travel_Rarely","3","3","No","No"
"1251","31","Male","Married","2","Medical","Research & Development","Healthcare Representative","2","6833","12","0","6","2","6","5","0","1","3","3","1","3","4","2","Travel_Rarely","11","1","Yes","No"
"1252","31","Female","Single","3","Medical","Research & Development","Healthcare Representative","2","6812","19","0","10","2","10","9","1","8","3","2","1","3","2","3","Travel_Rarely","24","1","No","No"
"1254","59","Female","Single","3","Life Sciences","Sales","Sales Executive","2","5171","17","0","13","2","6","1","0","5","3","2","4","3","4","3","Travel_Rarely","3","5","No","No"
"1255","43","Male","Married","3","Life Sciences","Research & Development","Research Director","5","19740","14","1","25","2","8","7","0","7","3","1","4","3","2","3","Travel_Rarely","3","3","No","No"
"1256","49","Male","Married","2","Medical","Research & Development","Manager","5","18711","13","1","23","2","1","0","0","0","1","2","3","3","3","4","Travel_Rarely","4","2","No","No"
"1257","36","Male","Married","3","Technical Degree","Research & Development","Research Scientist","1","3692","12","0","12","2","11","10","0","7","3","3","2","3","3","2","Travel_Frequently","3","1","No","No"
"1258","48","Male","Single","2","Technical Degree","Research & Development","Laboratory Technician","1","2559","11","0","7","4","1","0","0","0","4","4","2","3","3","2","Travel_Rarely","2","5","No","No"
"1259","27","Male","Divorced","2","Life Sciences","Research & Development","Research Scientist","1","2517","11","3","5","2","5","3","0","3","1","3","3","3","2","3","Travel_Rarely","4","1","No","No"
"1260","29","Male","Divorced","3","Life Sciences","Research & Development","Healthcare Representative","2","6623","11","2","6","2","6","0","1","0","3","3","4","3","2","3","Travel_Rarely","7","1","Yes","No"
"1263","48","Male","Single","3","Life Sciences","Research & Development","Research Director","5","18265","12","0","25","3","1","0","0","0","4","2","4","3","3","4","Travel_Rarely","1","6","No","No"
"1264","29","Female","Divorced","3","Life Sciences","Research & Development","Research Director","4","16124","14","2","9","2","7","7","1","7","4","2","4","3","2","2","Travel_Rarely","1","3","No","No"
"1265","34","Female","Married","3","Technical Degree","Research & Development","Research Scientist","1","2585","17","0","2","5","1","0","0","0","3","4","3","3","4","2","Travel_Rarely","20","0","No","No"
"1267","44","Male","Married","3","Marketing","Sales","Manager","5","18213","11","1","26","5","22","9","3","10","2","3","2","3","3","3","Travel_Rarely","5","7","No","No"
"1268","33","Male","Divorced","5","Marketing","Sales","Sales Executive","3","8380","14","2","10","3","9","8","0","8","4","4","3","3","4","3","Travel_Rarely","10","0","Yes","No"
"1269","19","Female","Single","3","Life Sciences","Research & Development","Research Scientist","1","2994","12","0","1","2","1","0","0","1","2","4","4","3","4","3","Travel_Rarely","25","1","Yes","No"
"1270","23","Male","Married","2","Life Sciences","Research & Development","Research Scientist","1","1223","22","1","1","2","1","0","0","1","4","3","3","4","4","3","Travel_Rarely","1","1","No","No"
"1273","25","Male","Single","1","Life Sciences","Sales","Sales Representative","1","1118","14","0","1","4","1","0","1","0","3","1","4","3","4","3","Travel_Frequently","24","1","Yes","Yes"
"1275","26","Male","Single","2","Life Sciences","Research & Development","Research Scientist","1","2875","20","0","8","2","8","5","2","2","3","3","4","4","2","2","Travel_Rarely","4","1","Yes","No"
"1277","45","Female","Single","3","Marketing","Sales","Manager","5","18824","16","0","26","2","24","10","1","11","1","1","2","3","1","3","Travel_Rarely","2","2","Yes","Yes"
"1278","55","Male","Divorced","1","Medical","Research & Development","Healthcare Representative","4","13577","15","1","34","3","33","9","15","0","4","2","2","3","4","3","Non-Travel","8","1","Yes","No"
"1279","21","Female","Single","2","Life Sciences","Research & Development","Laboratory Technician","1","2625","20","0","2","2","2","2","2","2","1","2","3","4","3","1","Travel_Frequently","10","1","No","Yes"
"1280","46","Female","Married","2","Marketing","Sales","Manager","5","18789","14","1","26","2","11","4","0","8","4","2","2","3","3","3","Travel_Rarely","4","2","No","No"
"1281","34","Female","Single","3","Marketing","Sales","Sales Executive","2","4538","12","0","4","3","3","2","0","2","3","3","1","3","4","3","Travel_Rarely","2","0","Yes","No"
"1282","51","Male","Divorced","3","Life Sciences","Sales","Manager","5","19847","24","1","31","5","29","10","11","10","4","3","2","4","1","2","Travel_Frequently","9","4","Yes","No"
"1283","59","Male","Single","4","Medical","Research & Development","Manufacturing Director","3","10512","12","0","25","6","9","7","5","4","4","3","4","3","4","2","Travel_Rarely","18","6","No","No"
"1285","34","Female","Divorced","3","Medical","Research & Development","Laboratory Technician","2","4444","13","2","15","2","11","8","5","10","3","3","2","3","3","4","Travel_Frequently","19","4","No","No"
"1286","28","Male","Single","4","Medical","Research & Development","Laboratory Technician","1","2154","11","0","5","2","4","2","0","2","4","3","3","3","3","2","Travel_Frequently","1","0","Yes","No"
"1288","44","Male","Divorced","2","Life Sciences","Research & Development","Manager","5","19190","14","2","26","4","25","9","14","13","3","4","1","3","4","2","Travel_Rarely","4","1","No","No"
"1289","34","Male","Married","3","Life Sciences","Human Resources","Human Resources","2","4490","11","2","14","5","10","9","1","8","3","2","2","3","4","4","Travel_Frequently","11","4","No","No"
"1291","35","Male","Married","1","Life Sciences","Research & Development","Research Scientist","1","3506","14","0","4","3","3","2","2","2","3","3","3","3","4","3","Travel_Rarely","6","0","Yes","No"
"1292","42","Female","Married","4","Medical","Research & Development","Research Scientist","2","2372","16","0","18","2","1","0","0","0","2","4","2","3","4","3","Travel_Rarely","7","6","Yes","No"
"1293","43","Female","Single","4","Marketing","Sales","Sales Executive","3","10231","14","0","23","3","21","7","15","17","4","2","4","3","4","4","Travel_Rarely","4","3","No","No"
"1294","36","Female","Single","4","Life Sciences","Research & Development","Manufacturing Director","2","5410","11","0","18","2","16","14","5","12","3","3","2","3","4","3","Travel_Rarely","2","9","Yes","No"
"1295","44","Female","Married","3","Medical","Research & Development","Healthcare Representative","3","7978","11","1","10","2","10","7","0","5","1","3","4","3","4","3","Travel_Rarely","15","1","No","Yes"
"1296","28","Male","Married","3","Life Sciences","Research & Development","Laboratory Technician","1","3867","12","1","2","2","2","2","2","2","4","2","4","3","2","3","Travel_Frequently","2","1","Yes","No"
"1297","51","Female","Single","2","Medical","Research & Development","Laboratory Technician","1","2838","14","0","8","6","7","0","7","7","2","2","3","3","2","2","Travel_Frequently","6","0","No","No"
"1298","30","Female","Single","2","Medical","Research & Development","Manufacturing Director","2","4695","18","0","10","3","8","4","1","7","3","3","3","3","3","3","Non-Travel","9","7","Yes","No"
"1299","29","Female","Divorced","3","Technical Degree","Research & Development","Laboratory Technician","1","3339","13","2","10","2","7","7","7","7","2","3","3","3","1","3","Travel_Rarely","7","3","Yes","Yes"
"1301","28","Male","Single","3","Technical Degree","Research & Development","Research Scientist","1","2080","11","0","5","2","3","2","1","2","4","3","1","3","2","2","Travel_Rarely","1","2","No","No"
"1303","25","Female","Single","3","Medical","Research & Development","Research Scientist","1","2096","18","0","2","3","2","2","2","1","4","3","2","3","4","2","Travel_Rarely","1","1","No","No"
"1304","32","Male","Married","3","Medical","Sales","Sales Executive","2","6209","15","2","10","4","10","7","0","8","3","4","4","3","3","4","Travel_Rarely","8","1","No","No"
"1306","45","Female","Single","3","Medical","Research & Development","Manager","5","18061","22","0","22","4","0","0","0","0","2","3","2","4","3","3","Travel_Frequently","25","3","No","No"
"1307","39","Female","Divorced","4","Medical","Research & Development","Manager","4","17123","13","2","21","4","19","9","15","2","3","2","2","3","4","3","Travel_Rarely","13","6","Yes","No"
"1308","58","Male","Divorced","4","Life Sciences","Research & Development","Research Scientist","1","2372","12","2","2","3","2","2","2","2","1","3","3","3","4","3","Travel_Rarely","23","1","No","No"
"1309","32","Male","Married","2","Life Sciences","Research & Development","Laboratory Technician","2","4883","18","1","10","3","10","4","1","1","4","3","3","3","1","3","Travel_Rarely","7","1","No","Yes"
"1310","39","Male","Single","3","Medical","Research & Development","Research Scientist","1","3904","13","0","6","2","5","2","0","3","3","3","1","3","1","3","Travel_Rarely","23","0","No","Yes"
"1311","30","Female","Married","3","Technical Degree","Research & Development","Laboratory Technician","2","4627","12","1","10","6","9","2","6","7","1","2","4","3","1","3","Travel_Rarely","6","0","No","No"
"1312","36","Female","Married","4","Technical Degree","Research & Development","Healthcare Representative","3","7094","12","0","10","0","7","7","1","7","4","3","3","3","1","3","Travel_Rarely","10","3","No","No"
"1314","46","Female","Single","2","Life Sciences","Human Resources","Human Resources","1","3423","12","0","10","3","7","6","5","7","4","3","1","3","3","4","Travel_Rarely","1","6","No","No"
"1315","28","Female","Married","3","Life Sciences","Research & Development","Laboratory Technician","2","6674","11","3","10","6","9","8","7","5","3","1","4","3","1","3","Non-Travel","1","0","No","No"
"1317","50","Female","Married","3","Life Sciences","Research & Development","Research Director","4","16880","11","0","25","2","3","2","1","2","4","3","1","3","2","3","Travel_Rarely","28","4","Yes","No"
"1318","40","Male","Single","4","Marketing","Sales","Sales Executive","3","9094","12","0","9","2","5","4","1","0","4","2","2","3","3","3","Travel_Rarely","25","2","Yes","Yes"
"1319","52","Male","Single","3","Life Sciences","Sales","Sales Executive","3","8446","19","0","10","2","8","7","7","7","2","3","2","3","3","2","Travel_Rarely","5","9","Yes","Yes"
"1321","30","Female","Married","4","Medical","Research & Development","Manager","3","11916","23","2","9","2","9","1","0","8","2","3","1","4","4","3","Travel_Rarely","17","1","Yes","No"
"1322","39","Male","Single","2","Life Sciences","Research & Development","Manufacturing Director","2","4534","11","0","9","6","8","7","1","7","1","3","3","3","1","3","Travel_Rarely","18","0","No","No"
"1324","31","Female","Divorced","4","Life Sciences","Sales","Sales Executive","3","9852","19","1","10","5","10","8","9","6","4","3","3","3","1","2","Non-Travel","2","1","Yes","No"
"1329","41","Male","Single","2","Medical","Sales","Sales Executive","2","6151","13","0","19","4","19","2","11","9","3","1","2","3","1","3","Non-Travel","10","1","No","No"
"1331","31","Female","Single","3","Life Sciences","Sales","Sales Representative","1","2302","11","0","3","2","3","2","2","2","4","3","2","3","1","4","Travel_Frequently","1","1","Yes","Yes"
"1333","44","Male","Married","3","Life Sciences","Research & Development","Laboratory Technician","1","2362","12","0","10","4","3","2","1","2","1","3","1","3","3","4","Travel_Rarely","3","4","No","Yes"
"1334","42","Male","Married","1","Life Sciences","Research & Development","Manager","4","17861","13","0","21","3","20","8","2","10","3","3","3","3","4","2","Non-Travel","2","0","Yes","No"
"1336","55","Female","Married","2","Medical","Research & Development","Manager","5","19187","14","1","23","5","19","9","9","11","4","1","3","3","4","3","Travel_Rarely","2","4","No","No"
"1338","56","Male","Single","4","Life Sciences","Human Resources","Manager","5","19717","14","0","36","4","7","3","7","7","4","3","2","3","1","3","Travel_Rarely","8","6","No","No"
"1340","40","Male","Divorced","2","Life Sciences","Research & Development","Research Scientist","1","3544","16","1","6","0","4","2","0","0","3","3","3","3","2","3","Non-Travel","16","9","No","No"
"1344","34","Male","Divorced","3","Life Sciences","Research & Development","Healthcare Representative","3","8500","11","1","10","0","9","7","1","6","4","3","4","3","4","2","Travel_Rarely","9","0","No","No"
"1346","40","Male","Single","3","Life Sciences","Research & Development","Research Scientist","2","4661","13","0","9","4","9","8","8","8","3","3","4","3","3","3","Travel_Rarely","2","1","No","No"
"1349","41","Female","Divorced","3","Marketing","Sales","Sales Executive","2","4103","17","1","10","2","9","3","1","7","3","3","1","3","4","3","Travel_Frequently","1","0","No","No"
"1350","35","Male","Single","4","Life Sciences","Research & Development","Research Scientist","2","4249","11","0","9","3","9","6","1","1","3","3","3","3","2","3","Travel_Frequently","4","1","Yes","No"
"1352","51","Male","Divorced","3","Life Sciences","Human Resources","Manager","4","14026","11","1","33","2","33","9","0","10","3","3","2","3","2","3","Travel_Rarely","5","1","Yes","No"
"1355","38","Female","Divorced","2","Life Sciences","Sales","Sales Executive","2","6893","15","1","11","3","7","7","1","7","2","3","1","3","4","3","Travel_Rarely","2","3","No","No"
"1356","34","Female","Single","2","Medical","Sales","Sales Executive","2","6125","12","0","10","6","10","8","9","6","3","3","1","3","4","4","Travel_Rarely","15","1","No","No"
"1358","25","Male","Married","1","Medical","Research & Development","Laboratory Technician","1","3669","11","3","7","6","3","2","1","2","4","3","4","3","3","2","Travel_Rarely","19","3","No","No"
"1360","58","Female","Married","4","Medical","Research & Development","Manufacturing Director","3","10008","14","0","31","0","10","9","5","9","3","2","1","3","4","2","Travel_Rarely","7","7","Yes","Yes"
"1361","40","Male","Married","4","Life Sciences","Research & Development","Laboratory Technician","1","2387","22","1","7","3","4","2","0","3","2","3","2","4","3","3","Travel_Rarely","1","3","No","No"
"1362","36","Female","Married","3","Marketing","Sales","Sales Executive","2","4639","16","1","17","2","15","7","6","13","1","4","1","3","4","2","Travel_Frequently","7","2","No","No"
"1363","48","Male","Single","3","Life Sciences","Research & Development","Manufacturing Director","3","7898","11","0","11","2","10","9","0","8","4","3","4","3","3","3","Travel_Rarely","4","1","No","No"
"1364","27","Female","Married","3","Medical","Sales","Sales Representative","1","2534","14","1","5","4","1","0","0","0","3","4","4","3","2","3","Travel_Rarely","11","8","No","No"
"1367","51","Female","Single","2","Technical Degree","Research & Development","Manufacturing Director","4","13142","16","0","29","1","5","2","0","3","4","2","2","3","2","2","Travel_Rarely","11","3","No","No"
"1368","18","Female","Single","3","Life Sciences","Research & Development","Laboratory Technician","1","1611","15","0","0","5","0","0","0","0","4","3","4","3","3","4","Non-Travel","1","1","No","No"
"1369","35","Female","Married","3","Medical","Research & Development","Laboratory Technician","2","5363","12","1","10","0","9","7","0","0","4","2","4","3","2","3","Travel_Rarely","1","0","No","No"
"1371","27","Male","Single","1","Life Sciences","Sales","Sales Executive","2","5071","20","0","8","3","6","2","0","0","4","1","4","4","2","3","Travel_Frequently","2","3","No","No"
"1372","55","Male","Single","4","Marketing","Sales","Sales Executive","4","13695","17","0","24","2","19","7","3","8","1","4","3","3","3","2","Travel_Rarely","13","6","Yes","Yes"
"1373","56","Male","Married","3","Life Sciences","Research & Development","Manufacturing Director","4","13402","12","1","33","0","19","16","15","9","4","3","2","3","1","3","Travel_Rarely","23","4","Yes","No"
"1374","34","Female","Divorced","1","Technical Degree","Research & Development","Research Scientist","1","2029","20","3","5","2","5","4","0","0","1","2","3","4","3","3","Non-Travel","26","1","No","No"
"1375","40","Female","Divorced","1","Medical","Research & Development","Healthcare Representative","2","6377","20","3","15","0","12","11","11","8","2","4","3","4","2","3","Travel_Rarely","2","5","No","No"
"1377","34","Male","Married","3","Medical","Research & Development","Laboratory Technician","2","5429","13","2","10","1","8","7","7","7","2","3","3","3","1","3","Travel_Rarely","29","4","No","No"
"1379","31","Female","Single","3","Life Sciences","Sales","Sales Representative","1","2785","14","0","3","3","1","0","0","0","3","2","4","3","3","4","Travel_Frequently","2","7","No","Yes"
"1380","35","Female","Married","4","Marketing","Sales","Sales Executive","2","4614","18","1","5","0","4","2","3","2","4","3","3","3","3","2","Travel_Frequently","18","0","Yes","Yes"
"1382","38","Male","Divorced","3","Life Sciences","Research & Development","Research Scientist","1","2610","11","3","4","2","4","2","0","3","4","4","3","3","4","3","Travel_Frequently","7","1","No","No"
"1383","34","Female","Single","4","Technical Degree","Research & Development","Healthcare Representative","2","6687","11","0","14","2","14","11","4","11","3","3","4","3","4","4","Travel_Rarely","2","1","No","No"
"1387","28","Male","Married","3","Life Sciences","Sales","Sales Executive","2","4724","11","1","5","0","5","3","0","4","3","2","1","3","3","3","Travel_Rarely","26","1","No","No"
"1389","31","Male","Married","4","Medical","Research & Development","Manufacturing Director","2","6179","15","2","10","3","10","2","6","7","4","3","3","3","4","2","Travel_Rarely","22","1","Yes","Yes"
"1390","39","Male","Married","4","Life Sciences","Sales","Sales Executive","2","6120","12","2","8","2","5","4","1","4","1","2","4","3","4","4","Travel_Rarely","21","3","Yes","No"
"1391","51","Male","Married","3","Marketing","Sales","Sales Executive","3","10596","11","0","14","5","4","2","3","2","2","3","2","3","2","3","Travel_Frequently","2","2","No","No"
"1392","41","Female","Divorced","3","Life Sciences","Research & Development","Research Scientist","2","5467","14","2","12","4","6","2","3","3","4","3","4","3","1","2","Travel_Frequently","22","3","Yes","No"
"1394","37","Male","Married","1","Life Sciences","Research & Development","Research Scientist","1","2996","15","0","8","2","6","4","1","3","3","3","3","3","4","3","Travel_Rarely","4","7","Yes","No"
"1395","33","Male","Married","1","Life Sciences","Sales","Sales Executive","2","9998","13","0","8","2","5","4","1","2","2","3","4","3","1","4","Travel_Frequently","5","6","No","No"
"1396","32","Male","Married","1","Marketing","Sales","Sales Executive","2","4078","13","3","4","3","3","2","1","2","3","3","2","3","1","2","Travel_Rarely","2","0","Yes","No"
"1397","39","Male","Married","2","Life Sciences","Research & Development","Healthcare Representative","3","10920","21","1","13","2","6","4","0","5","3","3","3","4","2","3","Non-Travel","25","3","No","No"
"1399","25","Male","Married","1","Life Sciences","Sales","Sales Executive","2","6232","11","0","6","3","3","2","1","2","1","4","3","3","2","2","Travel_Rarely","18","2","No","No"
"1401","52","Female","Married","2","Medical","Research & Development","Manufacturing Director","4","13247","11","1","24","3","5","3","0","2","4","4","3","3","2","2","Travel_Frequently","28","2","Yes","No"
"1402","43","Female","Single","3","Medical","Research & Development","Research Scientist","2","4081","14","0","20","3","20","7","1","8","1","2","3","3","1","1","Travel_Rarely","6","1","Yes","No"
"1403","27","Female","Married","3","Marketing","Sales","Sales Executive","2","5769","11","0","6","3","6","2","4","4","4","2","4","3","4","3","Travel_Rarely","10","1","Yes","No"
"1405","27","Female","Single","4","Life Sciences","Research & Development","Research Scientist","1","2394","13","0","8","2","8","2","7","7","4","3","3","3","4","3","Travel_Rarely","17","1","Yes","Yes"
"1407","26","Male","Single","1","Medical","Research & Development","Research Scientist","1","3904","12","0","5","2","4","3","1","1","1","2","4","3","4","3","Travel_Rarely","2","0","No","No"
"1408","42","Female","Married","3","Human Resources","Human Resources","Manager","4","16799","14","1","21","5","20","7","0","9","3","3","1","3","3","3","Travel_Rarely","10","0","No","No"
"1409","52","Female","Married","4","Other","Research & Development","Laboratory Technician","1","2950","13","0","12","2","5","4","0","4","3","3","1","3","3","1","Travel_Rarely","8","9","No","No"
"1411","37","Female","Single","3","Medical","Research & Development","Laboratory Technician","1","3629","18","0","8","6","3","2","0","2","1","3","3","3","1","3","Travel_Rarely","11","4","No","No"
"1412","35","Male","Single","2","Life Sciences","Research & Development","Manufacturing Director","3","9362","11","0","10","2","2","2","2","2","3","3","4","3","3","3","Travel_Frequently","18","2","No","No"
"1415","25","Male","Married","3","Technical Degree","Research & Development","Laboratory Technician","1","3229","11","1","7","2","3","2","0","2","1","3","4","3","2","2","Travel_Rarely","1","4","No","No"
"1417","26","Male","Single","3","Other","Research & Development","Laboratory Technician","1","3578","12","0","8","2","7","7","0","7","3","4","1","3","4","3","Travel_Rarely","7","0","No","No"
"1419","29","Male","Single","3","Other","Human Resources","Human Resources","3","7988","13","0","10","3","10","9","0","9","2","2","1","3","1","2","Travel_Rarely","17","1","No","No"
"1420","49","Male","Single","2","Life Sciences","Research & Development","Laboratory Technician","2","4284","20","0","20","2","4","3","1","3","1","2","1","4","1","3","Travel_Frequently","28","3","No","Yes"
"1421","29","Female","Single","1","Other","Research & Development","Healthcare Representative","3","7553","12","0","9","1","8","7","7","7","3","3","4","3","1","3","Travel_Frequently","14","0","Yes","Yes"
"1422","54","Female","Single","3","Medical","Research & Development","Research Director","4","17328","19","0","29","3","20","7","12","7","4","3","4","3","4","2","Travel_Rarely","1","6","No","No"
"1423","58","Female","Married","3","Medical","Research & Development","Research Director","5","19701","21","1","32","3","9","8","1","5","4","3","1","4","3","3","Travel_Rarely","1","3","Yes","No"
"1424","55","Male","Divorced","4","Medical","Research & Development","Research Director","4","14732","13","2","31","4","7","7","0","0","2","4","4","3","4","4","Travel_Rarely","1","2","No","No"
"1425","36","Female","Single","4","Marketing","Sales","Sales Executive","2","9278","16","0","15","3","5","4","0","1","1","3","2","3","4","3","Travel_Rarely","3","3","Yes","No"
"1427","31","Female","Single","4","Life Sciences","Sales","Sales Representative","1","1359","12","0","1","3","1","0","0","0","2","1","3","3","2","3","Travel_Frequently","1","1","No","Yes"
"1428","30","Female","Divorced","4","Marketing","Sales","Sales Executive","2","4779","14","2","8","3","3","2","0","2","4","3","1","3","2","3","Travel_Rarely","7","7","No","No"
"1430","31","Female","Single","5","Life Sciences","Research & Development","Research Director","4","16422","11","0","9","3","3","2","1","0","1","3","2","3","3","4","Travel_Rarely","8","3","No","No"
"1431","34","Male","Divorced","4","Other","Research & Development","Research Scientist","1","2996","14","2","10","2","4","3","1","3","4","3","1","3","3","3","Travel_Frequently","1","5","No","No"
"1433","31","Female","Single","3","Life Sciences","Research & Development","Research Scientist","1","1261","12","0","1","3","1","0","0","0","1","2","2","3","3","4","Travel_Rarely","8","1","No","Yes"
"1434","27","Male","Married","1","Life Sciences","Research & Development","Laboratory Technician","1","2099","14","0","6","3","5","0","1","4","2","3","1","3","2","4","Travel_Rarely","11","0","No","No"
"1435","36","Male","Single","4","Life Sciences","Research & Development","Laboratory Technician","2","5810","16","0","10","2","10","4","1","8","1","2","4","3","3","2","Travel_Rarely","4","1","No","No"
"1436","36","Female","Married","4","Marketing","Sales","Sales Executive","2","5647","13","2","11","3","3","2","0","2","3","2","1","3","1","2","Travel_Rarely","16","4","No","No"
"1438","47","Male","Married","3","Technical Degree","Research & Development","Research Scientist","1","3420","12","1","17","2","6","5","1","2","1","3","4","3","3","2","Travel_Rarely","1","7","No","No"
"1439","25","Male","Married","2","Life Sciences","Sales","Sales Representative","1","4400","12","0","6","2","3","2","2","2","1","2","1","3","1","3","Travel_Rarely","9","3","No","Yes"
"1440","37","Male","Single","2","Technical Degree","Research & Development","Laboratory Technician","1","3500","14","0","7","2","6","5","1","3","3","4","3","3","1","1","Non-Travel","5","0","No","No"
"1441","56","Female","Married","2","Life Sciences","Research & Development","Research Scientist","1","2066","22","1","5","3","3","2","1","0","1","3","1","4","4","4","Travel_Rarely","1","2","No","No"
"1443","47","Female","Married","4","Medical","Research & Development","Research Director","4","17169","19","2","26","2","20","17","5","6","1","3","3","3","2","4","Travel_Rarely","2","3","No","No"
"1445","24","Female","Married","1","Medical","Sales","Sales Executive","2","4162","12","2","5","3","5","4","0","3","4","3","3","3","3","3","Travel_Rarely","4","1","Yes","No"
"1446","32","Male","Married","5","Marketing","Sales","Sales Executive","2","9204","12","1","7","3","4","3","0","3","4","3","4","3","3","2","Travel_Rarely","7","4","No","No"
"1447","34","Female","Married","3","Life Sciences","Research & Development","Laboratory Technician","1","3294","17","1","7","2","5","4","0","2","4","2","2","3","1","2","Travel_Rarely","1","5","No","No"
"1448","41","Male","Married","5","Medical","Research & Development","Research Scientist","1","2127","12","0","7","5","4","2","0","3","2","4","3","3","1","2","Travel_Rarely","5","2","Yes","No"
"1449","40","Male","Divorced","4","Other","Research & Development","Laboratory Technician","2","3975","11","2","11","2","8","7","0","7","3","3","3","3","3","4","Non-Travel","9","3","No","No"
"1453","31","Male","Divorced","2","Life Sciences","Sales","Sales Executive","3","10793","18","1","13","5","13","7","9","9","1","3","4","3","1","3","Travel_Rarely","8","1","No","No"
"1457","46","Male","Divorced","3","Marketing","Sales","Sales Executive","3","10096","11","1","28","1","7","7","4","3","1","3","4","3","1","4","Travel_Rarely","9","4","No","Yes"
"1458","39","Female","Single","3","Life Sciences","Research & Development","Laboratory Technician","1","3646","23","0","11","2","1","0","0","0","1","2","1","4","2","4","Non-Travel","2","2","Yes","Yes"
"1459","31","Female","Single","5","Life Sciences","Research & Development","Manufacturing Director","3","7446","11","0","10","2","10","8","4","7","3","4","2","3","1","3","Travel_Frequently","1","1","No","Yes"
"1460","45","Male","Divorced","3","Medical","Research & Development","Healthcare Representative","3","10851","18","1","24","2","7","7","0","7","2","1","1","3","2","3","Travel_Rarely","20","2","Yes","No"
"1461","31","Female","Single","2","Medical","Human Resources","Human Resources","1","2109","18","0","8","3","3","2","0","2","4","4","2","3","4","3","Travel_Rarely","8","9","No","No"
"1464","31","Male","Married","3","Life Sciences","Research & Development","Laboratory Technician","1","3722","13","1","7","2","2","2","2","2","2","3","4","3","3","1","Travel_Frequently","2","6","Yes","Yes"
"1465","45","Male","Married","3","Technical Degree","Research & Development","Manufacturing Director","3","9380","18","2","10","4","3","1","1","2","2","3","4","3","4","4","Travel_Rarely","29","4","Yes","No"
"1466","48","Male","Divorced","3","Marketing","Sales","Sales Executive","2","5486","11","3","15","3","2","2","2","2","3","3","1","3","1","3","Travel_Rarely","7","4","No","No"
"1467","34","Female","Married","4","Technical Degree","Human Resources","Human Resources","1","2742","15","0","2","0","2","2","2","2","1","3","3","3","4","3","Travel_Rarely","9","1","No","Yes"
"1468","40","Male","Divorced","1","Medical","Research & Development","Research Director","3","13757","11","1","16","5","9","8","4","8","4","2","2","3","3","3","Non-Travel","8","2","No","No"
"1469","28","Male","Single","3","Medical","Sales","Sales Executive","2","8463","18","0","6","4","5","4","1","3","4","3","1","3","4","3","Travel_Rarely","5","0","No","No"
"1471","44","Male","Single","3","Life Sciences","Research & Development","Laboratory Technician","1","3162","14","0","7","5","5","2","0","3","3","2","3","3","4","3","Non-Travel","5","3","No","No"
"1472","53","Male","Single","3","Medical","Research & Development","Research Director","4","16598","12","0","35","2","9","8","8","8","4","4","2","3","2","2","Travel_Rarely","2","4","No","No"
"1473","49","Male","Married","4","Technical Degree","Research & Development","Healthcare Representative","2","6651","14","1","20","0","3","2","1","2","1","3","3","3","2","2","Travel_Rarely","5","2","No","No"
"1474","40","Male","Divorced","3","Medical","Research & Development","Research Scientist","1","2345","14","1","8","3","3","1","1","2","3","3","3","3","3","4","Travel_Rarely","2","2","No","No"
"1475","44","Male","Single","3","Life Sciences","Research & Development","Research Scientist","1","3420","13","0","6","3","5","2","1","3","4","3","2","3","3","2","Travel_Rarely","20","1","No","No"
"1477","33","Male","Married","3","Medical","Sales","Sales Executive","2","4373","14","2","5","2","4","3","0","3","4","3","1","3","1","3","Travel_Frequently","7","0","No","No"
"1478","34","Male","Single","3","Other","Sales","Sales Executive","2","4759","18","0","15","2","13","9","3","12","4","1","1","3","4","3","Travel_Rarely","3","3","No","No"
"1479","30","Male","Married","1","Life Sciences","Sales","Sales Executive","2","5301","15","2","4","2","2","1","2","2","4","3","3","3","3","2","Travel_Rarely","16","8","No","No"
"1480","42","Female","Single","2","Medical","Research & Development","Laboratory Technician","1","3673","13","0","12","3","12","9","5","8","1","3","4","3","3","3","Travel_Frequently","9","1","No","No"
"1481","44","Female","Married","5","Marketing","Sales","Sales Executive","2","4768","12","1","11","4","1","0","0","0","1","3","3","3","3","2","Travel_Frequently","1","7","No","No"
"1482","30","Male","Divorced","3","Technical Degree","Research & Development","Research Scientist","1","1274","13","2","1","2","1","0","0","0","3","3","3","3","2","2","Non-Travel","7","1","No","No"
"1483","57","Male","Married","2","Life Sciences","Research & Development","Research Scientist","2","4900","24","1","13","2","12","9","2","8","2","4","3","4","1","2","Travel_Rarely","1","0","No","No"
"1484","49","Male","Divorced","4","Life Sciences","Research & Development","Healthcare Representative","3","10466","14","2","29","3","8","7","0","7","3","3","2","3","2","3","Travel_Rarely","7","3","No","No"
"1485","34","Male","Divorced","3","Medical","Research & Development","Research Director","4","17007","14","2","16","3","14","8","6","9","2","3","1","3","4","2","Travel_Frequently","15","7","No","No"
"1486","28","Male","Married","3","Technical Degree","Sales","Sales Representative","1","2909","15","1","5","3","3","2","1","2","1","3","3","3","4","4","Travel_Frequently","1","3","No","Yes"
"1487","29","Female","Single","3","Technical Degree","Sales","Sales Executive","2","5765","11","0","7","4","5","3","0","0","1","3","2","3","1","1","Travel_Frequently","13","5","No","Yes"
"1489","34","Female","Single","4","Medical","Sales","Sales Executive","2","4599","23","0","16","2","15","9","10","10","1","2","2","4","3","4","Travel_Rarely","24","0","Yes","Yes"
"1492","35","Male","Married","1","Life Sciences","Sales","Sales Representative","1","2404","13","1","1","3","1","0","0","0","4","3","3","3","1","3","Travel_Rarely","7","1","No","No"
"1494","24","Male","Single","3","Medical","Research & Development","Laboratory Technician","1","3172","11","0","4","2","0","0","0","0","2","3","1","3","3","2","Travel_Frequently","9","2","Yes","Yes"
"1495","24","Female","Married","2","Life Sciences","Sales","Sales Representative","1","2033","13","1","1","2","1","0","0","0","4","3","2","3","3","3","Non-Travel","13","1","No","No"
"1496","44","Male","Single","1","Medical","Research & Development","Manufacturing Director","3","10209","18","0","16","2","2","2","2","2","2","3","3","3","2","2","Travel_Frequently","2","5","Yes","No"
"1497","29","Male","Divorced","3","Life Sciences","Sales","Sales Executive","2","8620","14","2","10","3","10","7","0","4","3","2","3","3","3","3","Travel_Rarely","19","1","No","No"
"1499","30","Male","Divorced","3","Life Sciences","Human Resources","Human Resources","1","2064","21","1","6","3","5","3","1","3","3","3","3","4","1","4","Travel_Rarely","1","0","No","No"
"1501","55","Male","Married","4","Life Sciences","Research & Development","Healthcare Representative","2","4035","16","0","4","2","3","2","1","2","4","3","3","3","2","3","Travel_Rarely","4","0","Yes","No"
"1502","33","Female","Married","4","Medical","Research & Development","Laboratory Technician","1","3838","11","0","8","5","5","4","0","2","1","2","2","3","4","3","Travel_Rarely","4","8","No","No"
"1503","47","Female","Married","3","Medical","Sales","Sales Executive","2","4591","17","1","11","4","5","4","1","2","3","3","3","3","3","2","Travel_Rarely","14","3","Yes","No"
"1504","28","Male","Single","2","Medical","Research & Development","Laboratory Technician","1","2561","11","0","8","2","0","0","0","0","3","2","1","3","3","2","Travel_Frequently","2","7","No","Yes"
"1506","28","Male","Divorced","3","Life Sciences","Research & Development","Research Scientist","1","1563","14","1","1","2","1","0","0","0","1","2","3","3","4","1","Travel_Rarely","1","1","No","No"
"1507","28","Male","Single","3","Life Sciences","Sales","Sales Executive","2","4898","14","0","5","5","4","2","1","3","3","3","1","3","4","3","Travel_Frequently","7","0","No","No"
"1509","49","Female","Married","2","Medical","Research & Development","Laboratory Technician","2","4789","25","1","10","3","3","2","1","2","3","2","1","4","1","3","Travel_Rarely","3","4","No","No"
"1513","29","Female","Married","1","Life Sciences","Research & Development","Laboratory Technician","1","3180","13","3","4","3","3","2","0","2","4","3","2","3","3","3","Travel_Frequently","2","0","No","No"
"1514","28","Male","Married","1","Life Sciences","Research & Development","Manufacturing Director","2","6549","14","2","8","2","8","6","1","7","3","1","2","3","2","2","Travel_Rarely","29","1","No","No"
"1515","33","Male","Single","5","Life Sciences","Research & Development","Healthcare Representative","2","6388","17","0","14","6","0","0","0","0","4","3","3","3","1","3","Travel_Rarely","8","2","Yes","No"
"1516","32","Male","Single","3","Medical","Research & Development","Manager","3","11244","25","0","10","5","5","2","0","0","3","3","4","4","2","4","Travel_Rarely","10","2","No","No"
"1520","54","Female","Divorced","4","Medical","Research & Development","Manager","4","16032","20","1","26","2","14","9","1","12","2","3","4","4","1","3","Travel_Frequently","11","3","No","No"
"1522","29","Male","Single","4","Technical Degree","Research & Development","Research Scientist","1","2362","13","0","11","2","9","7","0","7","1","2","1","3","3","1","Travel_Rarely","1","6","No","Yes"
"1523","44","Male","Married","3","Life Sciences","Research & Development","Research Director","4","16328","13","1","24","1","20","6","14","17","4","3","1","3","3","4","Travel_Rarely","28","3","No","No"
"1525","39","Female","Single","3","Life Sciences","Research & Development","Manufacturing Director","3","8376","18","0","9","3","2","0","2","2","2","3","2","3","4","3","Travel_Rarely","6","4","No","No"
"1527","46","Female","Married","3","Life Sciences","Sales","Manager","4","16606","12","1","23","2","13","12","5","1","3","3","2","3","4","4","Travel_Rarely","3","8","No","No"
"1529","35","Female","Single","3","Life Sciences","Research & Development","Healthcare Representative","3","8606","19","0","11","3","11","8","3","3","4","2","2","3","4","1","Travel_Rarely","16","1","No","No"
"1533","23","Male","Single","1","Life Sciences","Research & Development","Laboratory Technician","2","2272","14","0","5","2","4","3","1","2","1","3","3","3","2","3","Travel_Rarely","20","0","No","No"
"1534","40","Male","Single","4","Life Sciences","Research & Development","Laboratory Technician","1","2018","14","0","15","3","5","4","1","0","4","3","1","3","2","1","Travel_Rarely","9","3","No","Yes"
"1535","34","Male","Married","3","Technical Degree","Sales","Sales Executive","3","7083","14","0","10","3","10","9","8","6","4","2","3","3","4","3","Travel_Rarely","1","1","Yes","No"
"1537","31","Female","Single","3","Life Sciences","Research & Development","Research Scientist","1","4084","12","0","7","2","7","2","7","7","4","3","3","3","1","1","Travel_Frequently","3","1","No","Yes"
"1539","50","Male","Single","5","Medical","Research & Development","Research Director","4","14411","13","0","32","2","32","6","13","9","3","1","4","3","4","3","Travel_Frequently","22","1","Yes","No"
"1541","34","Male","Married","2","Technical Degree","Sales","Sales Representative","1","2308","25","1","12","4","11","10","5","7","2","3","3","4","2","3","Travel_Rarely","7","0","Yes","No"
"1542","42","Male","Married","3","Medical","Research & Development","Laboratory Technician","1","4841","14","1","4","3","1","0","0","0","3","2","2","3","2","3","Travel_Rarely","2","4","No","No"
"1543","37","Male","Married","3","Medical","Research & Development","Research Scientist","2","4285","17","0","10","2","10","8","3","7","1","3","4","3","1","3","Travel_Rarely","13","1","No","No"
"1544","29","Female","Married","1","Other","Research & Development","Healthcare Representative","2","9715","13","1","9","3","7","7","0","7","3","1","1","3","3","3","Travel_Rarely","8","3","No","No"
"1545","33","Male","Single","3","Life Sciences","Research & Development","Manufacturing Director","2","4320","13","0","5","2","5","3","0","2","4","2","2","3","4","3","Travel_Rarely","25","1","No","No"
"1546","45","Male","Married","3","Technical Degree","Research & Development","Research Scientist","1","2132","20","1","8","3","5","4","0","3","4","3","4","4","4","3","Travel_Rarely","28","4","No","No"
"1547","42","Male","Married","3","Life Sciences","Research & Development","Healthcare Representative","3","10124","14","1","24","3","20","8","13","9","4","3","4","3","3","1","Travel_Frequently","2","2","Yes","No"
"1548","40","Male","Married","2","Medical","Sales","Sales Executive","2","5473","12","0","9","5","8","4","7","1","1","3","1","3","4","4","Travel_Rarely","9","0","No","No"
"1549","33","Male","Married","4","Life Sciences","Research & Development","Laboratory Technician","2","5207","12","1","15","3","15","14","5","7","2","3","3","3","2","3","Travel_Rarely","28","1","Yes","No"
"1550","40","Male","Single","2","Medical","Human Resources","Manager","4","16437","21","0","21","2","21","7","7","7","3","3","4","4","4","3","Travel_Rarely","6","1","Yes","No"
"1551","24","Male","Divorced","2","Technical Degree","Research & Development","Laboratory Technician","1","2296","14","3","2","3","1","1","0","0","3","2","1","3","2","3","Travel_Rarely","21","0","No","No"
"1552","40","Male","Divorced","2","Life Sciences","Research & Development","Healthcare Representative","2","4069","18","0","8","2","2","2","2","2","4","3","4","3","3","3","Non-Travel","8","3","Yes","No"
"1553","45","Male","Divorced","4","Technical Degree","Research & Development","Healthcare Representative","3","7441","12","3","10","4","10","8","7","7","1","3","2","3","1","3","Travel_Rarely","1","1","No","No"
"1554","35","Female","Married","4","Life Sciences","Sales","Sales Representative","1","2430","23","2","6","5","5","3","4","2","2","2","3","4","1","3","Travel_Rarely","28","0","No","No"
"1555","32","Female","Married","2","Life Sciences","Research & Development","Research Scientist","2","5878","12","1","12","2","7","1","2","5","4","2","2","3","1","3","Travel_Rarely","5","3","No","No"
"1556","36","Male","Single","4","Life Sciences","Sales","Sales Representative","1","2644","21","0","7","3","3","2","1","2","3","3","4","4","4","2","Travel_Rarely","2","3","Yes","No"
"1557","48","Female","Divorced","4","Life Sciences","Sales","Sales Executive","2","6439","14","1","18","2","8","7","7","7","3","3","3","3","3","3","Travel_Rarely","16","8","No","No"
"1558","29","Male","Married","3","Life Sciences","Research & Development","Research Scientist","1","2451","18","2","5","2","1","0","0","0","3","4","3","3","1","2","Travel_Rarely","9","6","No","No"
"1560","33","Male","Married","4","Life Sciences","Sales","Sales Executive","2","6392","13","1","8","6","2","2","2","2","1","3","1","3","4","1","Travel_Rarely","8","2","No","No"
"1562","30","Male","Married","3","Life Sciences","Sales","Sales Executive","2","9714","11","1","10","4","10","8","6","7","2","2","1","3","4","3","Travel_Rarely","1","1","No","Yes"
"1563","38","Male","Married","4","Human Resources","Human Resources","Human Resources","2","6077","11","0","10","2","6","3","1","2","3","3","3","3","3","3","Travel_Frequently","10","3","No","No"
"1564","35","Male","Single","3","Medical","Research & Development","Laboratory Technician","1","2450","19","0","3","3","3","0","1","2","4","2","1","3","2","3","Travel_Rarely","1","1","No","No"
"1568","30","Male","Married","4","Technical Degree","Sales","Sales Executive","3","9250","12","1","9","3","4","2","1","3","3","3","2","3","2","3","Travel_Rarely","29","3","No","No"
"1569","35","Female","Divorced","3","Life Sciences","Research & Development","Laboratory Technician","1","2074","12","1","1","2","1","0","0","0","1","3","1","3","4","3","Travel_Rarely","2","1","Yes","Yes"
"1572","53","Female","Married","5","Technical Degree","Research & Development","Manufacturing Director","3","10169","16","1","34","4","33","7","1","9","3","2","4","3","2","3","Travel_Rarely","2","0","No","Yes"
"1573","38","Male","Married","3","Medical","Research & Development","Manufacturing Director","2","4855","11","2","7","2","5","2","1","4","3","3","2","3","1","3","Travel_Rarely","2","4","No","Yes"
"1574","32","Male","Married","4","Technical Degree","Research & Development","Research Scientist","2","4087","14","1","9","3","6","5","1","2","4","3","1","3","2","2","Non-Travel","1","4","No","No"
"1576","48","Female","Married","4","Other","Research & Development","Research Scientist","1","2367","12","1","10","3","8","2","7","6","3","3","1","3","4","2","Travel_Rarely","15","8","No","No"
"1577","34","Male","Single","4","Medical","Research & Development","Research Scientist","1","2972","13","0","1","4","1","0","0","0","1","3","4","3","3","1","Travel_Rarely","7","1","No","No"
"1578","55","Male","Married","5","Marketing","Sales","Manager","5","19586","21","1","36","3","36","6","2","13","3","2","4","4","3","3","Travel_Rarely","26","1","No","No"
"1580","34","Male","Married","4","Life Sciences","Research & Development","Research Scientist","2","5484","17","1","9","3","2","2","2","1","2","3","4","3","2","2","Travel_Rarely","1","9","No","No"
"1581","26","Female","Married","3","Life Sciences","Research & Development","Research Scientist","1","2061","21","0","1","5","1","0","0","0","1","3","4","4","1","3","Travel_Rarely","3","1","No","No"
"1582","38","Male","Married","3","Life Sciences","Sales","Sales Executive","2","9924","11","1","10","3","9","8","7","7","3","3","2","3","4","3","Travel_Rarely","14","0","No","No"
"1583","38","Female","Single","3","Life Sciences","Sales","Sales Executive","2","4198","12","0","8","5","3","2","1","2","2","3","2","3","2","4","Travel_Rarely","16","2","No","No"
"1585","36","Female","Single","4","Life Sciences","Sales","Sales Executive","2","6815","13","0","15","5","1","0","0","0","2","3","3","3","1","3","Travel_Rarely","1","6","No","No"
"1586","29","Male","Single","1","Medical","Research & Development","Laboratory Technician","1","4723","18","0","10","3","10","9","1","5","2","3","1","3","4","3","Travel_Rarely","3","1","Yes","No"
"1587","35","Female","Single","4","Medical","Research & Development","Healthcare Representative","2","6142","16","0","10","4","5","2","0","4","1","3","3","3","3","3","Travel_Rarely","10","3","Yes","No"
"1588","39","Male","Married","3","Medical","Sales","Sales Executive","3","8237","11","1","11","3","7","6","7","6","4","4","3","3","1","3","Travel_Rarely","6","2","No","No"
"1590","29","Male","Divorced","1","Life Sciences","Research & Development","Healthcare Representative","2","8853","19","1","6","0","6","4","1","3","1","3","4","3","4","4","Travel_Frequently","2","1","No","No"
"1591","50","Male","Married","3","Marketing","Sales","Manager","5","19331","16","1","27","2","1","0","0","0","3","3","3","3","3","3","Travel_Rarely","9","4","Yes","No"
"1592","23","Male","Married","3","Technical Degree","Research & Development","Research Scientist","1","2073","16","1","4","2","2","2","2","2","4","4","3","3","4","3","Travel_Rarely","10","2","No","No"
"1594","36","Male","Married","4","Life Sciences","Research & Development","Laboratory Technician","2","5562","13","1","9","3","3","2","0","2","1","4","1","3","4","3","Travel_Frequently","6","3","Yes","No"
"1595","42","Male","Single","2","Other","Research & Development","Manager","5","19613","22","0","24","2","1","0","0","1","4","2","4","4","4","3","Travel_Rarely","9","8","No","No"
"1596","35","Male","Married","3","Life Sciences","Research & Development","Laboratory Technician","2","3407","17","2","10","3","10","9","6","8","2","4","3","3","4","2","Travel_Rarely","28","1","No","No"
"1597","34","Male","Married","4","Technical Degree","Research & Development","Healthcare Representative","2","5063","14","1","8","3","8","2","7","7","4","2","3","3","2","2","Travel_Frequently","10","1","No","No"
"1598","40","Female","Married","2","Life Sciences","Sales","Sales Executive","2","4639","15","1","5","2","5","4","1","2","4","3","1","3","3","3","Travel_Rarely","14","1","No","No"
"1599","43","Male","Divorced","3","Technical Degree","Research & Development","Laboratory Technician","1","4876","12","1","8","0","6","4","0","2","4","4","2","3","3","3","Travel_Rarely","27","5","No","No"
"1601","35","Male","Married","2","Life Sciences","Research & Development","Laboratory Technician","1","2690","18","1","1","5","1","0","0","1","3","2","4","3","4","2","Travel_Rarely","7","1","No","No"
"1602","46","Male","Single","4","Life Sciences","Sales","Manager","4","17567","15","0","27","5","26","0","0","12","4","4","1","3","2","1","Travel_Rarely","1","1","No","No"
"1604","28","Male","Married","3","Medical","Research & Development","Laboratory Technician","1","2408","17","3","1","3","1","1","0","0","3","3","2","3","3","3","Travel_Rarely","24","1","Yes","Yes"
"1605","22","Female","Married","2","Other","Research & Development","Research Scientist","1","2814","14","0","4","2","4","2","1","3","2","2","3","3","2","2","Non-Travel","26","1","Yes","No"
"1606","50","Male","Married","5","Medical","Research & Development","Healthcare Representative","4","11245","15","1","32","3","30","8","12","13","2","3","3","3","3","3","Travel_Frequently","20","2","Yes","No"
"1607","32","Female","Married","4","Other","Research & Development","Research Scientist","1","3312","17","2","6","3","3","2","0","2","2","4","4","3","4","3","Travel_Rarely","5","3","No","No"
"1608","44","Female","Divorced","3","Medical","Research & Development","Research Director","5","19049","14","1","23","4","22","7","1","10","2","3","4","3","4","2","Travel_Rarely","7","0","Yes","No"
"1609","30","Male","Married","3","Medical","Research & Development","Research Scientist","1","2141","12","1","6","3","6","4","1","1","2","2","2","3","2","2","Travel_Rarely","7","1","No","No"
"1611","45","Female","Single","5","Medical","Research & Development","Laboratory Technician","2","5769","14","0","10","3","10","7","1","4","3","1","1","3","1","3","Travel_Rarely","5","1","Yes","No"
"1612","45","Male","Married","3","Marketing","Sales","Sales Executive","2","4385","15","1","10","2","10","7","4","5","1","2","1","3","1","3","Non-Travel","26","1","No","No"
"1613","31","Male","Single","4","Other","Sales","Sales Executive","2","5332","13","0","10","3","5","2","0","3","4","3","1","3","4","3","Travel_Frequently","2","7","No","No"
"1614","36","Female","Married","4","Life Sciences","Research & Development","Manufacturing Director","2","4663","12","2","7","2","3","2","1","1","3","3","3","3","2","3","Travel_Rarely","12","9","Yes","No"
"1615","34","Male","Divorced","4","Life Sciences","Research & Development","Manufacturing Director","2","4724","13","1","9","3","9","7","7","2","3","4","4","3","1","3","Travel_Frequently","10","1","No","No"
"1617","49","Female","Married","4","Life Sciences","Research & Development","Laboratory Technician","1","3211","14","1","10","3","9","6","1","4","3","3","1","3","4","2","Travel_Rarely","25","1","No","No"
"1618","39","Male","Married","5","Medical","Research & Development","Manufacturing Director","2","5377","13","3","10","3","7","7","7","7","2","3","1","3","4","3","Travel_Rarely","10","2","No","No"
"1619","27","Male","Divorced","3","Other","Research & Development","Laboratory Technician","1","4066","11","2","7","3","7","7","0","7","4","2","1","3","1","3","Travel_Rarely","19","1","No","No"
"1621","35","Male","Married","5","Life Sciences","Research & Development","Research Scientist","2","5208","11","0","16","2","16","15","1","10","2","4","1","3","4","3","Travel_Rarely","18","1","No","No"
"1622","28","Female","Divorced","3","Medical","Research & Development","Manufacturing Director","2","4877","21","1","6","5","5","3","0","0","2","1","1","4","2","2","Travel_Rarely","27","0","No","No"
"1623","21","Male","Single","1","Medical","Research & Development","Research Scientist","1","3117","18","0","3","2","2","2","2","2","3","3","4","3","3","3","Travel_Rarely","5","1","No","No"
"1624","18","Female","Single","2","Medical","Sales","Sales Representative","1","1569","12","0","0","2","0","0","0","0","2","3","4","3","3","4","Travel_Frequently","3","1","Yes","Yes"
"1625","47","Female","Married","4","Life Sciences","Human Resources","Manager","5","19658","11","1","27","2","5","2","1","0","4","3","3","3","3","3","Travel_Rarely","26","3","No","No"
"1627","39","Male","Divorced","2","Medical","Research & Development","Laboratory Technician","2","3069","15","1","11","3","10","8","0","7","3","2","3","3","4","3","Travel_Rarely","3","0","No","No"
"1628","40","Female","Married","3","Life Sciences","Research & Development","Manufacturing Director","3","10435","13","2","18","2","18","15","14","12","1","2","3","3","4","3","Travel_Rarely","15","1","No","No"
"1630","35","Female","Married","4","Life Sciences","Research & Development","Healthcare Representative","2","4148","12","1","15","5","14","11","2","9","3","3","3","3","4","3","Non-Travel","8","1","No","No"
"1631","37","Male","Married","3","Life Sciences","Research & Development","Manufacturing Director","2","5768","17","3","9","2","4","3","0","2","3","3","3","3","1","2","Travel_Rarely","19","3","No","No"
"1633","39","Female","Single","3","Medical","Research & Development","Manufacturing Director","2","5042","13","0","10","2","9","2","3","8","1","3","3","3","4","1","Travel_Frequently","4","0","No","No"
"1635","45","Female","Divorced","2","Other","Research & Development","Manufacturing Director","2","5770","19","2","10","3","10","7","3","9","4","2","4","3","1","3","Travel_Rarely","2","1","No","No"
"1638","38","Female","Married","2","Medical","Research & Development","Manufacturing Director","3","7756","19","1","10","6","5","4","0","2","4","2","3","3","4","4","Travel_Rarely","2","3","Yes","No"
"1639","35","Male","Married","3","Medical","Sales","Sales Executive","3","10306","17","0","15","3","13","12","6","0","4","2","1","3","3","3","Travel_Rarely","10","9","No","Yes"
"1640","37","Female","Married","3","Medical","Research & Development","Research Scientist","1","3936","11","1","8","2","8","4","7","7","2","3","2","3","1","1","Travel_Rarely","10","1","No","No"
"1641","40","Female","Single","3","Life Sciences","Research & Development","Manufacturing Director","3","7945","15","0","18","2","4","2","3","3","3","3","4","3","4","2","Travel_Rarely","16","6","Yes","No"
"1642","44","Male","Married","5","Human Resources","Human Resources","Human Resources","2","5743","11","0","14","3","10","7","0","2","1","3","4","3","3","3","Travel_Frequently","1","4","Yes","No"
"1644","48","Male","Married","5","Medical","Research & Development","Manager","4","15202","25","1","23","3","2","2","2","2","3","2","4","4","2","3","Travel_Frequently","4","2","No","No"
"1645","35","Male","Divorced","2","Medical","Sales","Sales Executive","2","5440","14","2","7","2","2","2","2","2","1","1","4","3","4","2","Travel_Rarely","15","6","Yes","Yes"
"1646","24","Female","Single","1","Technical Degree","Research & Development","Research Scientist","1","3760","13","0","6","2","6","3","1","3","1","3","4","3","3","3","Travel_Frequently","2","1","Yes","No"
"1647","27","Female","Married","3","Medical","Research & Development","Research Scientist","1","3517","17","0","5","0","3","2","0","2","2","4","3","3","1","3","Travel_Rarely","8","7","No","No"
"1648","27","Male","Single","3","Medical","Research & Development","Research Scientist","1","2580","13","0","6","0","4","2","1","2","4","3","4","3","3","2","Travel_Frequently","2","2","No","No"
"1649","40","Male","Single","3","Life Sciences","Research & Development","Laboratory Technician","1","2166","14","0","10","3","4","2","0","3","1","3","1","3","2","1","Travel_Rarely","7","3","Yes","Yes"
"1650","29","Male","Single","3","Medical","Sales","Sales Executive","2","5869","11","0","8","2","5","2","1","4","3","2","3","3","3","3","Travel_Rarely","10","9","No","No"
"1651","36","Female","Married","4","Life Sciences","Research & Development","Healthcare Representative","3","8008","12","2","9","6","3","2","0","2","2","3","1","3","3","3","Travel_Rarely","5","4","No","No"
"1653","25","Male","Divorced","1","Life Sciences","Research & Development","Manufacturing Director","2","5206","17","2","7","6","7","7","0","7","4","4","3","3","3","3","Travel_Frequently","2","1","No","No"
"1654","39","Male","Married","3","Medical","Research & Development","Manufacturing Director","2","5295","21","0","7","3","5","4","1","0","4","3","2","4","3","3","Travel_Rarely","12","4","No","No"
"1655","49","Female","Married","4","Other","Research & Development","Research Director","4","16413","16","2","27","2","4","2","1","2","1","3","2","3","2","3","Travel_Rarely","22","3","No","No"
"1656","50","Female","Divorced","5","Life Sciences","Research & Development","Research Director","3","13269","15","3","19","3","14","11","1","11","4","2","1","3","3","3","Travel_Rarely","17","5","No","No"
"1657","20","Female","Single","3","Medical","Sales","Sales Representative","1","2783","19","0","2","3","2","2","2","2","3","3","3","3","1","3","Travel_Rarely","2","1","No","No"
"1658","34","Female","Divorced","3","Life Sciences","Research & Development","Research Scientist","2","5433","12","1","11","2","11","8","7","9","4","3","2","3","3","3","Travel_Rarely","3","1","No","No"
"1659","36","Male","Single","3","Life Sciences","Research & Development","Laboratory Technician","1","2013","11","0","15","4","4","3","1","3","1","3","2","3","3","3","Travel_Rarely","7","2","No","No"
"1661","49","Female","Married","1","Life Sciences","Research & Development","Healthcare Representative","4","13966","19","1","30","3","15","11","2","12","3","2","3","3","2","3","Travel_Rarely","6","2","Yes","No"
"1662","36","Female","Married","4","Medical","Research & Development","Manufacturing Director","2","4374","15","0","4","6","3","2","1","2","4","2","3","3","3","3","Non-Travel","1","0","No","No"
"1664","36","Male","Divorced","2","Life Sciences","Research & Development","Healthcare Representative","2","6842","20","1","13","3","5","4","0","4","4","4","1","4","1","3","Travel_Rarely","3","6","No","No"
"1665","54","Female","Married","5","Medical","Research & Development","Manager","4","17426","25","1","36","6","10","8","4","7","2","3","3","4","3","3","Travel_Rarely","22","3","No","No"
"1666","43","Male","Married","2","Life Sciences","Research & Development","Research Director","4","17603","24","1","14","3","14","10","6","11","3","2","3","4","1","3","Travel_Rarely","15","1","No","No"
"1667","35","Male","Single","4","Other","Sales","Sales Executive","2","4581","24","0","13","2","11","9","6","7","4","3","4","4","1","4","Travel_Frequently","12","3","Yes","Yes"
"1668","38","Male","Married","3","Life Sciences","Research & Development","Research Scientist","2","4735","15","2","19","4","13","11","2","9","4","3","4","3","4","4","Travel_Frequently","1","7","No","No"
"1669","29","Male","Divorced","3","Medical","Sales","Sales Executive","2","4187","13","1","10","3","10","0","0","9","1","2","2","3","2","2","Travel_Rarely","5","1","Yes","No"
"1670","33","Male","Divorced","4","Medical","Sales","Sales Executive","2","5505","14","2","6","5","6","2","0","4","4","3","4","3","3","3","Travel_Rarely","2","1","No","No"
"1671","32","Male","Divorced","3","Medical","Research & Development","Research Scientist","2","5470","13","2","10","4","9","5","1","6","4","3","2","3","3","2","Travel_Rarely","2","0","No","No"
"1673","31","Female","Married","4","Life Sciences","Sales","Sales Executive","2","5476","11","2","10","2","10","0","0","2","1","3","4","3","1","3","Travel_Rarely","5","1","No","No"
"1674","49","Female","Divorced","3","Medical","Research & Development","Laboratory Technician","1","2587","16","1","17","2","2","2","2","2","4","3","1","3","2","2","Travel_Rarely","16","4","Yes","No"
"1675","38","Female","Single","3","Medical","Research & Development","Laboratory Technician","1","2440","22","0","4","3","4","3","3","3","4","2","2","4","2","3","Travel_Frequently","2","1","No","No"
"1676","47","Female","Divorced","4","Life Sciences","Sales","Manager","4","15972","14","3","29","2","3","2","1","2","2","4","2","3","3","3","Travel_Rarely","2","6","No","No"
"1677","49","Male","Single","3","Life Sciences","Research & Development","Manager","4","15379","14","0","23","2","8","7","0","0","3","3","3","3","1","3","Travel_Rarely","1","4","No","No"
"1678","41","Male","Single","2","Life Sciences","Sales","Sales Executive","3","7082","16","0","21","2","2","0","0","2","4","3","3","3","4","3","Travel_Rarely","23","3","Yes","No"
"1680","20","Male","Single","1","Life Sciences","Sales","Sales Representative","1","2728","11","0","2","3","2","2","0","2","4","3","1","3","1","3","Travel_Rarely","9","1","No","No"
"1681","33","Female","Divorced","3","Life Sciences","Sales","Sales Executive","2","5368","25","1","7","2","6","5","1","2","3","3","4","4","3","3","Non-Travel","16","1","Yes","No"
"1682","36","Male","Married","4","Life Sciences","Research & Development","Healthcare Representative","2","5347","14","2","10","2","3","2","0","2","1","3","3","3","2","2","Travel_Rarely","26","6","No","No"
"1683","44","Female","Divorced","3","Life Sciences","Human Resources","Human Resources","1","3195","18","3","8","2","2","2","2","2","3","3","4","3","1","3","Travel_Rarely","1","4","Yes","No"
"1684","23","Male","Single","1","Medical","Research & Development","Laboratory Technician","1","3989","11","0","5","2","5","4","1","2","4","2","3","3","1","3","Travel_Rarely","8","1","Yes","Yes"
"1687","38","Female","Married","2","Medical","Research & Development","Laboratory Technician","1","3306","19","1","7","5","0","0","0","0","4","3","3","3","4","2","Travel_Rarely","4","7","No","No"
"1689","53","Male","Married","4","Medical","Research & Development","Healthcare Representative","3","7005","15","0","11","2","4","3","1","2","2","4","4","3","3","3","Travel_Rarely","24","3","No","No"
"1691","48","Female","Married","2","Medical","Sales","Sales Representative","1","2655","11","2","19","3","9","7","7","7","4","3","3","3","3","3","Travel_Frequently","7","2","Yes","Yes"
"1692","32","Male","Single","4","Life Sciences","Research & Development","Laboratory Technician","1","1393","12","0","1","2","1","0","0","0","4","3","2","3","1","3","Travel_Rarely","2","1","No","Yes"
"1693","26","Male","Single","3","Medical","Research & Development","Laboratory Technician","1","2570","20","0","7","5","7","7","5","7","4","3","4","4","3","3","Non-Travel","7","1","No","No"
"1694","55","Male","Divorced","3","Technical Degree","Research & Development","Research Scientist","1","3537","12","1","8","1","4","2","1","2","1","2","2","3","4","3","Travel_Rarely","22","5","No","No"
"1696","34","Male","Married","2","Medical","Research & Development","Laboratory Technician","2","3986","14","1","15","3","15","10","4","13","2","2","4","3","3","4","Travel_Rarely","5","1","No","No"
"1697","60","Male","Divorced","4","Medical","Research & Development","Healthcare Representative","3","10883","20","1","19","2","1","0","0","0","3","1","4","4","3","4","Travel_Rarely","1","3","No","No"
"1698","33","Male","Married","3","Medical","Research & Development","Laboratory Technician","1","2028","18","3","14","6","14","11","2","13","2","4","2","3","4","3","Travel_Rarely","21","1","No","No"
"1700","37","Male","Divorced","4","Medical","Sales","Sales Executive","2","9525","14","2","6","2","6","3","1","3","3","1","4","3","3","2","Travel_Frequently","1","1","No","No"
"1701","34","Female","Married","3","Life Sciences","Research & Development","Research Scientist","1","2929","12","0","10","3","10","9","8","7","2","2","4","3","2","3","Travel_Rarely","19","1","No","No"
"1702","23","Male","Divorced","3","Life Sciences","Sales","Sales Representative","1","2275","21","1","3","2","3","2","0","2","3","3","4","4","2","3","Travel_Rarely","7","1","Yes","Yes"
"1703","44","Female","Married","3","Life Sciences","Research & Development","Healthcare Representative","3","7879","19","1","9","2","8","7","6","7","3","4","4","3","2","3","Travel_Rarely","2","1","Yes","No"
"1704","35","Male","Single","4","Medical","Research & Development","Research Scientist","1","4930","14","0","6","2","5","4","1","4","1","2","4","3","3","4","Travel_Frequently","2","0","Yes","No"
"1706","43","Male","Married","3","Medical","Sales","Sales Executive","2","7847","17","1","10","3","10","9","8","8","4","3","4","3","1","3","Travel_Rarely","2","1","Yes","No"
"1707","24","Male","Married","3","Medical","Research & Development","Research Scientist","1","4401","16","1","5","1","5","3","0","4","3","4","3","3","4","3","Travel_Rarely","9","1","No","No"
"1708","41","Male","Single","3","Marketing","Sales","Sales Executive","3","9241","12","0","10","3","10","8","8","7","4","3","3","3","2","3","Travel_Rarely","6","1","No","No"
"1709","29","Female","Married","4","Medical","Research & Development","Laboratory Technician","1","2974","17","1","9","2","5","3","1","2","4","3","3","3","3","3","Travel_Rarely","9","9","No","No"
"1710","36","Female","Single","4","Life Sciences","Sales","Sales Representative","2","4502","15","0","17","2","13","7","6","7","3","3","4","3","3","2","Travel_Rarely","2","3","No","No"
"1712","45","Male","Married","1","Life Sciences","Research & Development","Healthcare Representative","3","10748","23","1","25","3","23","15","14","4","3","2","3","4","4","2","Non-Travel","1","3","No","No"
"1714","24","Male","Married","1","Human Resources","Human Resources","Human Resources","1","1555","11","1","1","2","1","0","0","0","4","1","3","3","3","3","Travel_Rarely","22","1","No","Yes"
"1716","47","Male","Married","3","Life Sciences","Sales","Sales Executive","4","12936","11","0","25","3","23","5","14","10","3","1","3","3","3","1","Travel_Frequently","9","7","No","Yes"
"1718","26","Male","Married","4","Medical","Research & Development","Laboratory Technician","1","2305","15","3","3","3","3","2","0","2","4","1","3","3","3","4","Travel_Rarely","17","1","No","No"
"1719","45","Female","Single","2","Technical Degree","Research & Development","Research Director","4","16704","11","0","21","2","21","6","8","6","4","2","2","3","3","3","Travel_Rarely","28","1","No","No"
"1720","32","Male","Married","3","Life Sciences","Research & Development","Research Scientist","1","3433","13","1","10","3","5","2","1","3","1","3","3","3","1","2","Travel_Frequently","10","6","No","No"
"1721","31","Male","Married","4","Life Sciences","Research & Development","Laboratory Technician","1","3477","14","1","6","2","5","2","0","3","2","3","3","3","4","4","Travel_Rarely","2","1","No","No"
"1722","41","Male","Married","3","Human Resources","Human Resources","Human Resources","2","6430","19","1","10","4","3","2","1","2","3","1","2","3","2","3","Non-Travel","4","6","No","No"
"1724","40","Female","Married","2","Life Sciences","Research & Development","Manufacturing Director","2","6516","16","1","18","3","1","0","0","0","2","3","1","3","2","3","Travel_Rarely","8","2","Yes","No"
"1725","24","Male","Divorced","1","Medical","Research & Development","Laboratory Technician","1","3907","13","3","6","2","6","2","1","2","2","3","1","3","2","4","Travel_Rarely","29","1","No","No"
"1727","46","Male","Single","4","Life Sciences","Research & Development","Healthcare Representative","2","5562","14","0","19","3","10","7","0","9","3","3","2","3","4","3","Travel_Rarely","13","6","No","No"
"1728","35","Male","Married","4","Life Sciences","Research & Development","Manufacturing Director","2","6883","16","1","17","3","7","7","0","7","4","3","3","3","2","3","Travel_Rarely","27","2","No","No"
"1729","30","Male","Married","1","Life Sciences","Research & Development","Research Scientist","1","2862","12","1","10","2","10","0","0","8","2","3","4","3","2","2","Travel_Rarely","16","1","No","No"
"1731","47","Male","Married","4","Marketing","Sales","Sales Executive","2","4978","11","1","4","3","1","0","0","0","3","3","2","3","4","1","Non-Travel","2","7","No","No"
"1732","46","Male","Divorced","3","Life Sciences","Sales","Sales Executive","3","10368","12","1","13","5","10","6","0","3","3","3","4","3","2","2","Travel_Rarely","2","4","Yes","No"
"1733","36","Male","Divorced","5","Marketing","Sales","Sales Executive","2","6134","13","3","16","3","2","2","2","2","2","2","1","3","2","3","Travel_Rarely","13","5","Yes","Yes"
"1734","32","Male","Single","2","Life Sciences","Sales","Sales Executive","2","6735","15","0","10","2","0","0","0","0","1","1","2","3","2","3","Travel_Rarely","1","6","No","Yes"
"1735","23","Female","Single","1","Medical","Research & Development","Laboratory Technician","1","3295","13","0","3","3","3","2","1","2","3","3","2","3","3","1","Travel_Rarely","4","1","No","No"
"1736","31","Female","Single","1","Technical Degree","Research & Development","Manufacturing Director","2","5238","20","0","9","3","5","4","1","4","4","3","4","4","4","2","Travel_Frequently","24","2","No","No"
"1737","39","Male","Married","3","Life Sciences","Research & Development","Laboratory Technician","2","6472","15","1","9","2","9","8","5","8","4","3","4","3","4","3","Non-Travel","1","1","Yes","No"
"1739","32","Male","Married","3","Life Sciences","Sales","Sales Executive","3","9610","13","1","10","2","4","3","0","2","4","1","3","3","3","1","Travel_Rarely","19","3","No","No"
"1740","40","Male","Single","4","Medical","Sales","Manager","5","19833","14","0","21","3","21","8","12","8","2","3","2","3","2","2","Travel_Rarely","7","1","No","No"
"1744","45","Female","Married","3","Life Sciences","Human Resources","Human Resources","3","9756","21","2","9","2","5","0","0","3","3","1","3","4","3","4","Travel_Rarely","4","4","No","No"
"1745","30","Female","Single","4","Technical Degree","Research & Development","Research Scientist","1","4968","16","0","10","2","9","7","0","7","4","2","1","3","4","3","Travel_Frequently","2","0","No","No"
"1746","24","Male","Married","3","Medical","Human Resources","Human Resources","1","2145","14","1","3","2","2","2","2","1","1","3","4","3","4","3","Travel_Frequently","10","0","No","No"
"1747","30","Female","Divorced","3","Human Resources","Human Resources","Human Resources","1","2180","11","1","6","0","4","2","1","2","3","2","4","3","3","2","Travel_Frequently","8","6","No","Yes"
"1749","31","Male","Married","3","Technical Degree","Sales","Sales Executive","2","8346","19","1","6","3","5","2","0","2","1","3","3","3","3","3","Travel_Rarely","5","1","No","No"
"1751","27","Female","Single","3","Medical","Research & Development","Research Scientist","1","3445","11","0","6","5","6","2","1","4","3","3","4","3","3","2","Travel_Rarely","8","1","No","No"
"1752","29","Female","Single","3","Marketing","Sales","Sales Representative","1","2760","13","0","2","3","2","2","2","2","2","1","2","3","3","3","Travel_Rarely","9","1","No","Yes"
"1753","29","Male","Single","3","Life Sciences","Research & Development","Healthcare Representative","2","6294","12","0","10","5","3","2","0","2","4","4","3","3","4","4","Travel_Frequently","1","8","Yes","No"
"1754","30","Male","Divorced","2","Marketing","Sales","Sales Executive","3","7140","11","1","12","2","7","7","1","7","3","2","1","3","1","3","Travel_Rarely","15","2","No","No"
"1755","34","Male","Married","4","Medical","Research & Development","Research Scientist","1","2932","14","3","6","3","5","0","1","2","4","4","4","3","1","3","Travel_Rarely","2","0","Yes","No"
"1756","33","Female","Single","3","Marketing","Sales","Sales Executive","2","5147","15","0","13","2","11","7","1","7","4","3","2","3","4","2","Non-Travel","2","8","No","No"
"1757","49","Female","Single","4","Marketing","Sales","Sales Executive","2","4507","12","0","8","1","5","1","0","4","4","3","4","3","3","4","Travel_Rarely","11","3","No","No"
"1758","33","Female","Single","3","Life Sciences","Sales","Sales Executive","3","8564","20","0","11","2","0","0","0","0","1","3","1","4","3","2","Travel_Rarely","16","2","Yes","Yes"
"1760","38","Female","Married","2","Medical","Research & Development","Laboratory Technician","1","2468","14","1","9","4","6","1","0","5","3","2","2","3","2","2","Travel_Frequently","2","4","No","No"
"1761","31","Male","Married","4","Marketing","Sales","Sales Executive","3","8161","13","3","10","2","1","0","0","0","1","3","3","3","1","3","Travel_Rarely","16","2","No","Yes"
"1762","29","Female","Divorced","3","Technical Degree","Research & Development","Research Scientist","1","2109","13","1","1","2","1","0","0","0","4","2","1","3","3","3","Travel_Rarely","4","1","No","No"
"1763","30","Male","Married","3","Life Sciences","Research & Development","Healthcare Representative","2","5294","16","1","10","3","7","0","1","7","3","4","3","3","3","3","Travel_Rarely","16","3","No","No"
"1764","32","Male","Single","4","Technical Degree","Research & Development","Research Scientist","1","2718","14","0","12","3","7","7","0","7","2","3","2","3","2","3","Non-Travel","5","2","No","No"
"1766","38","Male","Married","3","Medical","Research & Development","Healthcare Representative","2","5811","16","1","15","2","1","0","1","0","2","1","4","3","3","3","Travel_Rarely","18","3","Yes","No"
"1767","43","Male","Married","3","Technical Degree","Research & Development","Research Scientist","1","2437","16","1","6","4","1","0","0","0","3","2","3","3","4","3","Travel_Frequently","17","9","Yes","Yes"
"1768","42","Male","Divorced","3","Medical","Research & Development","Laboratory Technician","1","2766","22","3","7","6","5","3","0","4","2","3","2","4","2","2","Travel_Rarely","12","8","No","No"
"1770","55","Male","Married","3","Medical","Research & Development","Research Director","5","19038","12","3","34","2","1","0","0","0","3","2","1","3","2","3","Travel_Rarely","2","8","No","No"
"1771","33","Male","Divorced","3","Technical Degree","Research & Development","Research Scientist","2","3055","15","2","11","2","9","8","1","7","4","3","2","3","4","2","Non-Travel","4","5","No","No"
"1772","41","Male","Divorced","4","Life Sciences","Research & Development","Laboratory Technician","1","2289","20","2","5","2","5","3","0","4","3","3","1","4","2","3","Travel_Rarely","9","1","No","No"
"1774","34","Male","Divorced","3","Life Sciences","Sales","Sales Executive","2","4001","14","1","15","3","15","14","0","7","4","3","3","3","3","3","Non-Travel","10","1","Yes","No"
"1775","53","Female","Married","4","Medical","Research & Development","Manufacturing Director","4","12965","20","3","27","2","3","2","0","2","1","2","3","4","4","2","Non-Travel","1","4","Yes","No"
"1778","43","Male","Single","3","Life Sciences","Human Resources","Human Resources","1","3539","13","0","10","5","9","7","1","8","2","3","4","3","2","3","Travel_Rarely","2","0","No","No"
"1779","34","Female","Single","2","Life Sciences","Sales","Sales Executive","2","6029","12","0","6","3","2","2","2","2","4","1","4","3","1","3","Travel_Rarely","3","5","No","No"
"1780","21","Male","Single","1","Marketing","Sales","Sales Representative","1","2679","13","0","1","3","1","0","1","0","2","3","2","3","2","3","Travel_Rarely","7","1","No","Yes"
"1782","38","Female","Married","2","Other","Research & Development","Laboratory Technician","1","3702","11","1","5","3","5","4","0","4","4","2","3","3","2","3","Travel_Rarely","6","1","No","No"
"1783","22","Female","Married","1","Medical","Research & Development","Laboratory Technician","1","2398","17","0","1","6","1","0","0","0","3","3","1","3","3","3","Travel_Rarely","8","1","Yes","Yes"
"1784","31","Female","Married","4","Marketing","Sales","Sales Executive","2","5468","14","2","13","3","12","7","5","7","1","2","4","3","1","3","Travel_Rarely","29","1","No","No"
"1786","51","Female","Married","3","Technical Degree","Research & Development","Manager","3","13116","11","0","15","2","2","2","2","2","1","3","3","3","4","3","Travel_Rarely","3","2","No","No"
"1787","37","Male","Married","2","Marketing","Sales","Sales Executive","2","4189","14","2","5","2","5","2","0","3","2","2","2","3","1","3","Travel_Rarely","9","1","No","No"
"1789","46","Male","Divorced","4","Medical","Research & Development","Research Director","5","19328","17","1","24","3","2","1","2","2","3","3","4","3","3","3","Travel_Rarely","2","7","Yes","No"
"1790","36","Male","Married","3","Life Sciences","Research & Development","Healthcare Representative","3","8321","13","1","15","1","12","8","5","7","4","3","1","3","4","3","Travel_Rarely","10","7","Yes","No"
"1792","44","Male","Divorced","2","Medical","Research & Development","Research Scientist","1","2342","12","3","6","2","5","3","2","3","3","3","2","3","3","2","Travel_Frequently","1","1","Yes","Yes"
"1794","37","Male","Divorced","2","Other","Human Resources","Human Resources","2","4071","13","0","19","4","10","0","4","7","3","3","2","3","3","2","Travel_Rarely","8","2","No","No"
"1797","35","Male","Single","3","Life Sciences","Sales","Sales Executive","2","5813","18","0","10","2","10","7","7","7","3","3","4","3","4","3","Travel_Rarely","27","1","Yes","Yes"
"1798","33","Male","Married","4","Life Sciences","Research & Development","Research Scientist","1","3143","19","1","14","1","10","8","7","6","4","4","1","3","2","3","Travel_Rarely","8","6","No","No"
"1799","28","Male","Married","3","Life Sciences","Research & Development","Research Scientist","1","2044","11","1","5","6","5","3","0","3","3","3","4","3","3","4","Travel_Rarely","1","1","No","No"
"1800","39","Male","Single","1","Medical","Research & Development","Research Director","3","13464","21","0","9","3","4","3","2","2","3","3","3","4","3","3","Travel_Rarely","10","7","No","No"
"1801","46","Male","Single","2","Life Sciences","Sales","Sales Executive","2","7991","15","0","6","3","2","2","2","2","2","2","2","3","3","3","Non-Travel","26","8","No","No"
"1802","40","Female","Married","2","Life Sciences","Research & Development","Laboratory Technician","1","3377","17","1","7","5","4","3","0","2","3","3","1","3","4","2","Travel_Rarely","2","4","No","No"
"1803","42","Male","Married","3","Medical","Research & Development","Healthcare Representative","2","5538","18","2","10","2","0","0","0","0","2","4","1","3","3","2","Travel_Rarely","13","5","No","No"
"1804","35","Male","Divorced","2","Medical","Research & Development","Manufacturing Director","2","5762","14","1","15","6","7","7","1","7","2","3","4","3","3","3","Non-Travel","2","2","No","No"
"1805","38","Male","Divorced","3","Human Resources","Human Resources","Human Resources","1","2592","13","3","13","3","11","10","3","8","1","3","2","3","4","3","Non-Travel","2","5","No","No"
"1807","34","Male","Married","4","Life Sciences","Research & Development","Laboratory Technician","2","5346","17","1","11","3","7","1","0","7","4","3","1","3","3","2","Travel_Frequently","9","4","No","Yes"
"1809","37","Male","Single","4","Medical","Research & Development","Manufacturing Director","2","4213","15","0","10","4","10","3","0","8","4","3","1","3","2","1","Travel_Rarely","10","1","No","Yes"
"1812","39","Male","Divorced","3","Life Sciences","Sales","Sales Executive","2","4127","18","1","7","6","2","1","2","2","3","3","4","3","4","3","Travel_Frequently","20","2","No","No"
"1813","43","Male","Single","3","Life Sciences","Research & Development","Research Scientist","1","2438","13","0","7","2","3","2","1","2","1","3","3","3","3","2","Non-Travel","9","4","No","No"
"1814","41","Male","Single","3","Life Sciences","Research & Development","Healthcare Representative","2","6870","12","0","11","3","3","2","1","2","2","4","2","3","1","1","Travel_Rarely","5","3","No","No"
"1815","41","Female","Divorced","1","Marketing","Sales","Sales Executive","3","10447","13","1","23","3","22","14","13","5","3","3","3","3","4","4","Travel_Rarely","4","0","Yes","No"
"1816","30","Female","Single","3","Medical","Research & Development","Manufacturing Director","3","9667","14","0","9","3","7","7","0","2","1","3","3","3","2","3","Travel_Rarely","10","9","No","No"
"1818","26","Female","Married","2","Medical","Human Resources","Human Resources","1","2148","11","0","6","3","5","1","1","4","4","3","2","3","3","3","Travel_Rarely","20","0","Yes","Yes"
"1821","46","Female","Married","2","Medical","Research & Development","Healthcare Representative","2","8926","22","1","13","2","9","7","3","7","4","3","2","4","4","4","Travel_Rarely","21","4","No","Yes"
"1822","40","Female","Divorced","3","Life Sciences","Research & Development","Healthcare Representative","2","6513","17","1","12","3","5","3","0","3","3","3","4","3","4","3","Travel_Rarely","1","4","No","No"
"1823","34","Male","Married","2","Technical Degree","Sales","Sales Executive","2","6799","21","2","10","5","10","8","4","8","2","4","3","4","3","3","Travel_Rarely","8","1","No","No"
"1824","58","Male","Divorced","3","Medical","Sales","Manager","4","16291","22","1","37","0","16","9","14","14","2","3","2","4","4","2","Non-Travel","2","4","No","No"
"1826","35","Male","Married","4","Medical","Research & Development","Laboratory Technician","1","2705","16","1","6","2","5","4","0","3","2","1","3","3","2","4","Travel_Rarely","23","0","No","No"
"1827","47","Female","Divorced","3","Life Sciences","Research & Development","Manufacturing Director","3","10333","12","1","28","4","22","11","14","10","3","2","2","3","3","3","Travel_Rarely","4","8","Yes","No"
"1829","40","Female","Divorced","3","Life Sciences","Research & Development","Healthcare Representative","2","4448","12","1","15","3","7","4","7","7","2","3","1","3","2","3","Travel_Rarely","12","2","No","No"
"1830","54","Female","Married","4","Medical","Research & Development","Research Scientist","2","6854","15","1","14","2","7","1","1","7","4","3","4","3","2","2","Travel_Rarely","7","4","No","No"
"1833","31","Female","Married","4","Marketing","Sales","Sales Executive","3","9637","14","2","9","3","3","2","2","2","1","3","1","3","4","3","Travel_Frequently","7","2","No","No"
"1834","28","Female","Married","3","Medical","Research & Development","Research Scientist","1","3591","25","1","3","3","3","2","1","2","3","3","1","4","3","3","Travel_Rarely","1","1","No","No"
"1835","38","Female","Married","4","Marketing","Sales","Sales Representative","2","5405","20","2","20","4","4","2","0","3","2","1","4","4","1","2","Travel_Rarely","2","2","Yes","No"
"1836","26","Male","Single","3","Medical","Sales","Sales Executive","2","4684","13","0","5","4","5","3","1","2","3","3","4","3","1","3","Travel_Rarely","10","1","No","No"
"1837","58","Male","Married","4","Life Sciences","Research & Development","Research Director","4","15787","14","0","23","3","2","2","2","2","1","3","3","3","2","3","Travel_Frequently","15","2","Yes","No"
"1839","18","Female","Single","3","Medical","Research & Development","Research Scientist","1","1514","16","0","0","4","0","0","0","0","2","3","3","3","3","1","Non-Travel","14","1","No","No"
"1842","31","Male","Married","5","Human Resources","Human Resources","Human Resources","1","2956","17","0","2","4","1","0","0","0","4","4","1","3","3","3","Travel_Rarely","18","0","No","Yes"
"1844","29","Male","Divorced","3","Human Resources","Human Resources","Human Resources","1","2335","15","3","4","3","2","2","2","0","1","2","1","3","4","3","Travel_Rarely","13","4","Yes","Yes"
"1845","45","Female","Married","4","Life Sciences","Sales","Sales Executive","2","5154","22","2","10","3","8","7","5","7","3","3","3","4","2","4","Non-Travel","2","4","No","No"
"1847","36","Female","Married","4","Other","Research & Development","Research Scientist","2","6962","22","1","15","2","1","0","0","0","4","3","2","4","4","3","Travel_Rarely","2","4","Yes","No"
"1849","43","Male","Married","4","Life Sciences","Sales","Sales Executive","2","5675","20","1","7","5","7","7","7","7","1","3","4","4","3","3","Travel_Frequently","2","1","No","No"
"1850","27","Female","Single","2","Life Sciences","Research & Development","Laboratory Technician","1","2379","14","0","6","3","5","4","0","2","4","3","4","3","3","2","Travel_Frequently","5","0","Yes","No"
"1852","29","Male","Married","1","Medical","Research & Development","Laboratory Technician","1","3812","13","0","11","3","11","8","3","10","4","3","4","3","2","4","Travel_Frequently","20","1","No","No"
"1853","32","Male","Single","4","Marketing","Sales","Sales Executive","2","4648","13","0","4","2","0","0","0","0","4","3","4","3","3","4","Travel_Frequently","10","8","No","No"
"1854","42","Male","Married","4","Technical Degree","Research & Development","Research Scientist","1","2936","22","2","10","1","6","3","3","3","3","3","3","4","2","2","Non-Travel","10","3","No","No"
"1856","47","Female","Single","4","Life Sciences","Research & Development","Laboratory Technician","1","2105","12","0","7","2","2","2","2","0","2","3","3","3","3","3","Travel_Rarely","9","4","No","No"
"1857","46","Male","Divorced","2","Life Sciences","Research & Development","Manufacturing Director","3","8578","14","1","12","4","9","8","4","7","4","3","4","3","3","2","Travel_Rarely","2","3","No","No"
"1858","28","Male","Divorced","2","Life Sciences","Human Resources","Human Resources","1","2706","15","1","3","2","3","2","2","2","3","3","4","3","2","3","Non-Travel","1","1","No","No"
"1859","29","Male","Divorced","1","Life Sciences","Research & Development","Healthcare Representative","2","6384","17","2","11","3","7","0","1","6","4","1","3","3","4","3","Travel_Rarely","29","8","No","No"
"1860","42","Male","Single","3","Life Sciences","Research & Development","Laboratory Technician","1","3968","13","0","8","3","0","0","0","0","4","3","3","3","4","3","Travel_Rarely","8","4","No","No"
"1862","32","Male","Single","4","Marketing","Sales","Sales Executive","2","9907","12","0","7","3","2","2","2","2","3","2","2","3","3","2","Travel_Rarely","2","7","Yes","Yes"
"1863","46","Female","Divorced","3","Technical Degree","Sales","Sales Executive","4","13225","12","1","25","5","19","17","2","8","1","4","1","3","4","3","Travel_Rarely","3","2","No","No"
"1864","27","Female","Married","1","Medical","Sales","Sales Representative","2","3540","21","1","9","5","9","8","5","8","2","2","3","4","4","3","Travel_Rarely","23","1","No","No"
"1865","29","Male","Married","1","Medical","Human Resources","Human Resources","1","2804","11","0","1","3","1","0","0","0","4","2","2","3","4","3","Travel_Rarely","6","1","No","No"
"1866","43","Female","Married","3","Medical","Research & Development","Manager","5","19392","13","0","21","2","16","12","6","14","1","2","3","3","4","3","Travel_Rarely","6","7","No","No"
"1867","48","Male","Married","3","Life Sciences","Research & Development","Research Director","5","19665","12","0","29","3","22","10","12","9","4","2","2","3","4","3","Travel_Rarely","10","4","No","No"
"1868","29","Male","Single","2","Life Sciences","Research & Development","Research Scientist","1","2439","24","0","1","3","1","0","1","0","4","2","4","4","2","2","Travel_Frequently","24","1","Yes","Yes"
"1869","46","Female","Married","3","Life Sciences","Sales","Sales Executive","3","7314","21","3","14","2","8","7","0","7","3","3","2","4","3","3","Travel_Rarely","10","5","No","Yes"
"1870","27","Female","Married","3","Life Sciences","Research & Development","Research Scientist","1","4774","19","1","8","2","7","6","7","3","4","2","1","3","4","2","Travel_Frequently","15","0","No","No"
"1871","39","Male","Divorced","4","Other","Research & Development","Research Scientist","2","3902","14","3","7","2","2","2","2","2","4","3","4","3","2","3","Travel_Rarely","19","8","No","No"
"1873","55","Male","Married","4","Technical Degree","Research & Development","Research Scientist","1","2662","20","1","19","2","5","2","0","4","2","2","4","4","2","4","Travel_Rarely","2","8","No","No"
"1875","28","Female","Married","3","Medical","Sales","Sales Representative","1","2856","19","1","1","3","1","0","0","0","2","3","2","3","4","3","Travel_Rarely","3","1","No","No"
"1876","30","Male","Single","3","Medical","Sales","Sales Representative","1","1081","13","0","1","3","1","0","0","0","2","3","4","3","3","2","Travel_Rarely","9","1","No","Yes"
"1878","22","Male","Single","1","Life Sciences","Research & Development","Research Scientist","1","2472","23","0","1","2","1","0","0","0","4","3","2","4","1","3","Travel_Rarely","7","1","Yes","Yes"
"1880","36","Female","Married","4","Technical Degree","Sales","Sales Executive","2","5673","13","1","10","4","10","9","1","7","2","2","3","3","1","3","Travel_Rarely","10","1","Yes","No"
"1881","31","Male","Divorced","3","Life Sciences","Research & Development","Laboratory Technician","2","4197","11","1","10","2","10","8","0","2","2","3","3","3","1","3","Travel_Rarely","20","1","No","No"
"1882","34","Male","Married","3","Life Sciences","Sales","Sales Executive","3","9713","13","3","9","3","5","3","1","0","3","3","4","3","4","3","Travel_Rarely","4","2","Yes","No"
"1883","29","Male","Single","3","Life Sciences","Research & Development","Laboratory Technician","1","2062","14","0","11","2","3","2","1","2","4","3","1","3","2","3","Travel_Rarely","7","3","No","No"
"1885","37","Male","Married","4","Medical","Research & Development","Research Scientist","2","4284","22","1","16","2","5","3","0","4","4","3","1","4","3","3","Travel_Rarely","7","5","Yes","No"
"1886","35","Female","Married","2","Other","Research & Development","Manufacturing Director","2","4788","11","0","4","2","3","2","0","2","4","2","2","3","4","3","Travel_Rarely","16","0","Yes","No"
"1888","45","Female","Married","2","Life Sciences","Research & Development","Manufacturing Director","2","5906","13","2","10","2","9","8","3","8","2","2","4","3","4","2","Travel_Rarely","25","0","No","No"
"1890","36","Male","Single","1","Human Resources","Human Resources","Human Resources","2","3886","21","0","10","2","10","1","0","8","2","2","4","4","4","2","Travel_Frequently","2","1","No","No"
"1892","40","Male","Divorced","4","Life Sciences","Research & Development","Manager","4","16823","11","1","22","3","19","7","11","16","1","3","1","3","1","3","Travel_Rarely","1","2","No","No"
"1893","26","Female","Married","2","Life Sciences","Research & Development","Research Scientist","1","2933","13","1","1","3","1","0","1","0","2","2","3","3","3","2","Travel_Rarely","1","1","Yes","No"
"1898","27","Female","Single","2","Medical","Sales","Sales Executive","2","6500","14","0","9","5","8","7","0","7","1","4","3","3","2","2","Travel_Rarely","2","0","No","No"
"1900","48","Female","Divorced","3","Medical","Research & Development","Manager","4","17174","11","1","24","3","22","17","4","7","4","3","4","3","2","3","Travel_Frequently","22","3","No","No"
"1903","44","Male","Married","4","Life Sciences","Research & Development","Healthcare Representative","2","5033","15","1","10","5","2","0","2","2","2","4","1","3","4","3","Travel_Rarely","1","2","No","No"
"1905","34","Male","Married","4","Technical Degree","Research & Development","Research Scientist","1","2307","23","1","5","2","5","2","3","0","4","1","1","4","2","3","Non-Travel","16","1","Yes","Yes"
"1907","56","Male","Single","2","Life Sciences","Research & Development","Laboratory Technician","1","2587","16","0","5","3","4","2","1","0","1","3","4","3","4","3","Travel_Rarely","24","1","No","Yes"
"1908","36","Male","Married","2","Marketing","Sales","Sales Executive","2","5507","16","2","12","1","4","2","1","3","3","2","2","3","3","1","Travel_Rarely","17","2","No","No"
"1909","41","Female","Married","3","Marketing","Sales","Sales Executive","2","4393","21","1","14","3","5","4","1","4","3","3","2","4","3","3","Travel_Rarely","8","5","No","No"
"1911","42","Male","Married","3","Medical","Research & Development","Research Director","3","13348","13","1","18","3","13","7","5","7","3","3","1","3","2","4","Travel_Rarely","6","9","No","No"
"1912","31","Female","Divorced","2","Medical","Sales","Sales Executive","2","6583","11","1","8","2","5","2","1","4","3","3","4","3","4","3","Travel_Rarely","10","2","Yes","No"
"1915","34","Female","Married","1","Medical","Sales","Sales Executive","2","8103","12","0","9","3","4","2","0","1","4","2","4","3","3","2","Travel_Rarely","3","3","Yes","No"
"1916","31","Female","Divorced","3","Medical","Research & Development","Laboratory Technician","1","3978","12","1","4","0","2","2","2","2","1","4","3","3","2","2","Travel_Rarely","4","8","No","No"
"1918","26","Male","Married","3","Other","Research & Development","Laboratory Technician","1","2544","18","1","8","3","7","7","7","7","3","4","4","3","1","3","Travel_Frequently","6","0","No","No"
"1922","45","Male","Single","4","Medical","Research & Development","Healthcare Representative","2","5399","12","0","12","3","4","2","0","3","2","3","3","3","3","3","Travel_Frequently","1","4","No","No"
"1924","33","Male","Single","4","Marketing","Sales","Sales Executive","2","5487","14","0","10","2","10","4","0","9","2","3","3","3","2","2","Travel_Rarely","10","1","No","No"
"1927","28","Male","Married","2","Life Sciences","Sales","Sales Executive","2","6834","12","1","7","2","7","7","0","7","3","2","4","3","3","3","Travel_Frequently","1","1","Yes","No"
"1928","29","Male","Single","3","Technical Degree","Sales","Sales Representative","1","1091","17","0","1","3","1","0","0","0","3","4","1","3","4","3","Travel_Frequently","24","1","No","Yes"
"1929","39","Female","Married","4","Life Sciences","Sales","Sales Executive","2","5736","19","1","10","1","3","2","1","2","1","1","3","3","3","3","Non-Travel","21","6","No","No"
"1931","27","Male","Married","4","Technical Degree","Research & Development","Research Scientist","1","2226","11","1","6","3","5","3","1","2","2","3","2","3","3","2","Travel_Rarely","2","1","No","No"
"1932","34","Male","Married","4","Other","Research & Development","Research Scientist","2","5747","15","0","16","3","15","10","6","11","3","2","4","3","2","3","Travel_Frequently","22","1","Yes","No"
"1933","28","Female","Single","2","Marketing","Sales","Sales Executive","2","9854","11","0","6","0","2","0","2","2","4","3","3","3","4","3","Travel_Rarely","13","3","Yes","Yes"
"1934","47","Male","Married","4","Technical Degree","Research & Development","Research Scientist","2","5467","18","1","16","4","8","7","1","7","3","3","2","3","3","4","Non-Travel","14","8","No","No"
"1935","56","Female","Married","5","Marketing","Sales","Sales Executive","2","5380","16","1","6","3","0","0","0","0","4","2","1","3","3","3","Travel_Rarely","11","4","No","No"
"1936","39","Male","Married","2","Medical","Research & Development","Manufacturing Director","2","5151","25","1","10","3","10","0","7","9","1","3","1","4","4","3","Travel_Rarely","9","1","No","No"
"1937","38","Female","Divorced","3","Medical","Research & Development","Research Scientist","2","2133","16","1","20","3","20","11","0","7","4","2","2","3","3","3","Travel_Frequently","8","1","Yes","No"
"1938","58","Female","Married","3","Life Sciences","Sales","Manager","4","17875","13","1","29","2","1","0","0","0","4","3","4","3","3","2","Travel_Rarely","21","4","Yes","No"
"1939","32","Female","Single","2","Life Sciences","Research & Development","Research Scientist","1","2432","14","0","8","2","4","1","0","3","1","4","3","3","1","3","Travel_Frequently","5","3","Yes","Yes"
"1940","38","Male","Divorced","2","Life Sciences","Research & Development","Research Scientist","1","4771","19","2","10","0","5","2","0","3","2","3","4","3","4","4","Travel_Rarely","9","2","No","No"
"1941","49","Male","Married","1","Life Sciences","Research & Development","Research Director","5","19161","15","0","28","3","5","4","4","3","2","3","4","3","4","3","Travel_Frequently","2","3","No","No"
"1943","42","Male","Divorced","4","Marketing","Sales","Sales Executive","2","5087","12","2","14","4","0","0","0","0","2","3","4","3","3","3","Travel_Rarely","12","3","Yes","No"
"1944","27","Female","Married","3","Human Resources","Human Resources","Human Resources","1","2863","12","0","1","2","1","0","0","0","1","2","2","3","1","3","Travel_Frequently","22","1","No","Yes"
"1945","35","Male","Married","4","Medical","Sales","Sales Executive","2","5561","16","1","6","2","5","3","0","4","2","3","1","3","4","1","Travel_Rarely","18","0","No","No"
"1947","28","Male","Single","3","Medical","Research & Development","Research Scientist","1","2144","14","0","5","3","5","3","1","4","3","3","3","3","3","2","Non-Travel","16","1","No","No"
"1948","31","Male","Divorced","2","Medical","Research & Development","Research Scientist","1","3065","13","1","4","3","4","2","2","3","3","3","1","3","4","4","Non-Travel","3","1","Yes","No"
"1949","36","Male","Married","4","Life Sciences","Research & Development","Laboratory Technician","1","2810","22","0","5","3","5","4","0","2","1","4","2","4","2","3","Non-Travel","9","1","No","No"
"1950","34","Male","Single","3","Marketing","Sales","Sales Executive","3","9888","21","0","14","3","14","8","2","1","1","3","4","4","1","2","Travel_Rarely","1","1","No","No"
"1951","34","Male","Divorced","4","Medical","Sales","Sales Executive","3","8628","18","1","9","2","8","7","1","1","4","3","3","3","3","2","Travel_Rarely","13","1","No","No"
"1952","26","Male","Single","3","Medical","Research & Development","Laboratory Technician","1","2867","13","0","8","6","7","7","7","6","3","3","1","3","4","2","Travel_Rarely","1","0","No","No"
"1954","29","Male","Married","3","Life Sciences","Research & Development","Healthcare Representative","2","5373","12","1","6","5","5","3","0","2","1","3","1","3","1","2","Travel_Rarely","1","0","No","No"
"1955","32","Female","Divorced","4","Medical","Research & Development","Healthcare Representative","2","6667","18","1","9","6","5","1","1","2","3","3","4","3","2","3","Non-Travel","15","5","No","No"
"1956","31","Male","Married","3","Life Sciences","Research & Development","Research Scientist","2","5003","21","0","10","6","10","8","8","7","4","1","1","4","2","3","Travel_Frequently","1","1","No","No"
"1960","28","Male","Divorced","3","Technical Degree","Research & Development","Laboratory Technician","1","2367","12","1","6","2","4","1","0","3","3","2","4","3","1","2","Travel_Rarely","17","5","No","Yes"
"1961","38","Male","Single","3","Life Sciences","Sales","Sales Representative","1","2858","14","0","20","3","1","0","0","0","1","2","1","3","1","2","Travel_Rarely","1","4","No","No"
"1962","35","Female","Married","4","Life Sciences","Sales","Sales Executive","2","5204","11","0","10","2","10","8","0","9","3","3","4","3","4","3","Travel_Rarely","7","1","Yes","No"
"1965","27","Male","Single","3","Marketing","Sales","Sales Executive","2","4105","14","0","7","5","7","7","0","7","4","3","4","3","1","3","Travel_Rarely","9","1","No","No"
"1966","32","Male","Single","4","Life Sciences","Research & Development","Manufacturing Director","2","9679","24","0","8","1","1","0","0","0","4","2","4","4","2","3","Travel_Rarely","5","8","No","No"
"1967","31","Male","Married","4","Marketing","Sales","Sales Executive","2","5617","11","0","10","4","10","7","0","8","1","3","4","3","3","3","Travel_Frequently","26","1","Yes","Yes"
"1968","53","Male","Single","4","Life Sciences","Sales","Sales Executive","3","10448","13","0","15","2","2","2","2","2","1","3","1","3","2","2","Travel_Rarely","24","6","Yes","Yes"
"1969","54","Female","Married","2","Life Sciences","Research & Development","Research Scientist","2","2897","11","2","9","6","4","3","2","3","1","3","3","3","3","2","Travel_Rarely","9","3","No","No"
"1970","33","Male","Divorced","2","Life Sciences","Research & Development","Healthcare Representative","2","5968","20","3","9","2","9","7","2","8","4","3","3","4","3","3","Travel_Frequently","7","1","No","No"
"1971","43","Male","Married","3","Life Sciences","Research & Development","Healthcare Representative","3","7510","17","1","10","1","10","9","0","9","1","3","3","3","2","3","Travel_Rarely","11","1","No","No"
"1972","38","Male","Married","4","Other","Human Resources","Human Resources","1","2991","11","1","7","2","6","2","1","2","4","3","2","3","2","3","Travel_Frequently","1","0","Yes","No"
"1973","55","Male","Married","4","Human Resources","Human Resources","Manager","5","19636","18","1","35","0","10","9","1","4","3","4","2","3","1","3","Travel_Rarely","26","4","Yes","No"
"1974","31","Female","Divorced","1","Medical","Research & Development","Laboratory Technician","1","1129","11","3","1","4","1","0","0","0","4","1","4","3","3","3","Travel_Rarely","2","1","Yes","No"
"1975","39","Male","Single","4","Marketing","Sales","Sales Executive","4","13341","12","0","21","3","20","8","11","10","2","3","1","3","1","3","Travel_Rarely","15","0","No","No"
"1976","42","Male","Single","2","Life Sciences","Research & Development","Research Scientist","2","4332","12","0","20","2","20","9","3","7","4","2","3","3","4","3","Non-Travel","23","1","No","No"
"1979","31","Female","Married","3","Medical","Research & Development","Research Director","3","11031","20","1","13","2","11","7","4","8","3","3","3","4","3","4","Non-Travel","10","4","No","No"
"1980","54","Female","Single","3","Medical","Research & Development","Manufacturing Director","2","4440","19","0","9","3","5","2","1","4","3","3","1","3","4","3","Travel_Rarely","10","6","Yes","No"
"1981","24","Male","Single","2","Life Sciences","Research & Development","Healthcare Representative","2","4617","12","0","4","2","4","3","1","2","2","2","3","3","2","2","Travel_Rarely","1","1","No","No"
"1982","23","Male","Single","2","Other","Research & Development","Laboratory Technician","1","2647","13","0","5","6","5","2","1","4","4","3","4","3","3","4","Travel_Rarely","12","1","No","No"
"1985","40","Female","Married","3","Technical Degree","Research & Development","Laboratory Technician","2","6323","11","1","10","2","10","9","9","4","4","3","3","3","1","4","Travel_Frequently","11","1","No","No"
"1986","40","Female","Married","2","Marketing","Sales","Sales Executive","2","5677","14","1","15","4","11","8","5","10","2","3","2","3","3","3","Travel_Rarely","2","3","No","No"
"1987","25","Female","Married","3","Human Resources","Human Resources","Human Resources","1","2187","14","0","6","3","2","0","1","2","3","3","2","3","3","3","Travel_Rarely","2","4","No","No"
"1989","30","Male","Married","2","Medical","Research & Development","Laboratory Technician","1","3748","13","0","12","6","12","8","1","7","4","3","2","3","3","2","Travel_Rarely","1","1","No","No"
"1992","25","Male","Divorced","1","Other","Research & Development","Laboratory Technician","1","3977","19","1","7","2","2","2","0","2","4","3","3","3","3","2","Travel_Rarely","2","6","Yes","No"
"1993","47","Male","Single","3","Medical","Research & Development","Healthcare Representative","3","8633","23","0","25","3","17","14","12","11","1","3","3","4","2","3","Travel_Rarely","25","2","No","No"
"1994","33","Male","Divorced","2","Medical","Research & Development","Laboratory Technician","1","2008","12","3","1","2","1","1","0","0","2","2","3","3","3","2","Non-Travel","1","1","No","No"
"1995","38","Male","Married","4","Life Sciences","Sales","Sales Executive","2","4440","15","2","16","3","15","13","5","8","4","3","2","3","1","3","Travel_Rarely","1","0","No","No"
"1996","31","Male","Married","2","Life Sciences","Sales","Sales Representative","1","3067","19","1","3","1","2","2","1","2","1","3","3","3","3","3","Travel_Rarely","2","0","No","No"
"1997","38","Male","Married","4","Life Sciences","Research & Development","Manufacturing Director","2","5321","11","1","10","1","8","3","7","7","1","2","3","3","4","3","Travel_Frequently","6","2","No","No"
"1998","42","Male","Divorced","4","Life Sciences","Research & Development","Research Scientist","2","5410","17","1","9","3","4","3","1","2","4","3","1","3","3","2","Travel_Rarely","18","6","Yes","No"
"1999","41","Male","Married","3","Life Sciences","Research & Development","Research Scientist","1","2782","22","1","12","3","5","3","1","0","4","3","4","4","1","3","Travel_Rarely","1","3","No","No"
"2000","47","Female","Married","1","Medical","Research & Development","Research Director","3","11957","18","2","14","3","13","8","5","12","3","3","2","3","1","1","Non-Travel","1","0","No","No"
"2003","35","Male","Married","4","Medical","Research & Development","Laboratory Technician","1","2660","11","1","5","3","2","2","2","2","4","3","3","3","3","3","Travel_Rarely","11","7","Yes","No"
"2007","22","Male","Single","2","Life Sciences","Research & Development","Research Scientist","1","3375","12","0","4","2","3","2","1","2","4","3","3","3","4","4","Travel_Rarely","1","0","No","No"
"2008","35","Male","Single","4","Medical","Research & Development","Research Scientist","2","5098","19","0","10","5","10","7","0","8","2","3","3","3","2","3","Travel_Rarely","9","1","No","No"
"2009","33","Female","Married","2","Medical","Research & Development","Healthcare Representative","2","4878","13","1","10","6","9","7","8","1","2","3","4","3","1","3","Travel_Rarely","15","0","Yes","No"
"2010","32","Female","Single","4","Life Sciences","Research & Development","Laboratory Technician","1","2837","13","0","6","3","6","2","4","1","3","2","2","3","3","3","Travel_Rarely","29","1","No","No"
"2012","40","Male","Married","4","Life Sciences","Research & Development","Laboratory Technician","1","2406","19","2","8","3","1","0","0","0","1","3","4","3","3","2","Travel_Rarely","1","8","No","No"
"2013","32","Male","Married","4","Medical","Sales","Sales Representative","1","2269","14","1","3","2","2","2","2","2","2","2","2","3","2","3","Travel_Rarely","1","0","No","No"
"2014","39","Male","Single","1","Life Sciences","Research & Development","Research Scientist","2","4108","13","0","18","2","7","7","1","7","1","3","4","3","1","3","Travel_Rarely","24","7","No","No"
"2015","38","Female","Married","3","Medical","Research & Development","Research Director","3","13206","12","1","20","3","18","16","1","11","2","1","3","3","1","3","Travel_Rarely","10","3","No","No"
"2016","32","Female","Married","4","Marketing","Sales","Sales Executive","3","10422","19","2","14","3","14","10","5","7","3","3","4","3","3","3","Travel_Rarely","1","1","No","No"
"2017","37","Female","Married","3","Life Sciences","Research & Development","Research Director","3","13744","25","1","16","2","16","11","6","8","3","4","4","4","1","3","Travel_Rarely","10","1","Yes","No"
"2018","25","Female","Divorced","2","Other","Sales","Sales Executive","2","4907","22","1","6","3","5","3","0","4","1","3","3","4","2","2","Travel_Rarely","8","0","Yes","No"
"2019","52","Male","Divorced","4","Life Sciences","Sales","Sales Representative","1","3482","15","2","16","3","9","8","0","0","1","3","4","3","2","2","Non-Travel","29","2","No","No"
"2020","44","Male","Single","3","Medical","Research & Development","Research Scientist","1","2436","12","0","6","2","4","3","1","2","2","3","4","3","3","3","Travel_Rarely","1","6","Yes","No"
"2021","21","Male","Single","1","Medical","Sales","Sales Representative","1","2380","11","0","2","6","2","2","1","2","3","3","1","3","4","3","Travel_Rarely","5","1","Yes","No"
"2022","39","Male","Single","3","Life Sciences","Research & Development","Manager","5","19431","13","0","21","3","6","0","1","3","4","3","4","3","3","2","Non-Travel","9","2","No","No"
"2023","23","Male","Married","3","Marketing","Sales","Sales Representative","1","1790","19","1","1","3","1","0","1","0","4","3","1","3","1","2","Travel_Frequently","9","1","No","Yes"
"2024","36","Female","Married","3","Medical","Sales","Sales Executive","3","7644","19","2","10","2","9","7","3","4","1","2","4","3","3","3","Travel_Rarely","3","0","No","No"
"2025","36","Female","Divorced","2","Life Sciences","Research & Development","Manufacturing Director","2","5131","13","3","18","3","4","2","0","2","4","3","2","3","2","3","Travel_Frequently","4","7","No","No"
"2026","56","Male","Divorced","4","Life Sciences","Research & Development","Healthcare Representative","2","6306","21","1","13","2","13","12","1","9","3","3","3","4","1","2","Non-Travel","1","1","No","No"
"2027","29","Male","Married","4","Medical","Research & Development","Research Scientist","1","4787","14","3","4","3","2","2","2","2","1","3","4","3","2","4","Travel_Rarely","1","9","Yes","Yes"
"2031","42","Male","Married","3","Life Sciences","Research & Development","Manager","5","18880","11","0","24","2","22","6","4","14","1","3","3","3","1","2","Travel_Rarely","2","5","No","No"
"2032","56","Male","Married","2","Technical Degree","Research & Development","Laboratory Technician","1","2339","11","1","14","4","10","9","9","8","4","3","3","3","4","1","Travel_Rarely","7","8","No","Yes"
"2034","41","Female","Married","4","Life Sciences","Research & Development","Manufacturing Director","4","13570","23","1","21","3","20","7","0","10","1","2","2","4","3","3","Travel_Rarely","28","0","No","No"
"2035","34","Female","Married","3","Marketing","Sales","Sales Executive","2","6712","21","2","8","2","8","7","1","7","4","2","3","4","4","3","Travel_Rarely","28","1","No","No"
"2036","36","Male","Divorced","4","Marketing","Sales","Sales Executive","2","5406","24","1","15","4","15","12","11","11","4","1","4","4","1","2","Non-Travel","15","1","No","No"
"2037","41","Male","Divorced","3","Life Sciences","Sales","Sales Executive","2","8938","11","1","14","5","5","4","0","4","3","2","2","3","3","3","Travel_Rarely","3","2","No","No"
"2038","32","Male","Single","3","Technical Degree","Research & Development","Research Scientist","1","2439","14","0","4","4","4","2","1","2","4","3","1","3","4","3","Travel_Rarely","2","1","No","No"
"2040","35","Female","Single","4","Life Sciences","Human Resources","Human Resources","3","8837","16","0","9","2","9","0","1","7","3","3","4","3","3","3","Travel_Rarely","26","1","Yes","No"
"2041","38","Female","Married","2","Life Sciences","Sales","Sales Executive","2","5343","11","1","10","1","10","7","1","9","1","3","4","3","3","3","Travel_Rarely","10","1","No","No"
"2044","50","Male","Divorced","4","Life Sciences","Sales","Sales Executive","2","6728","12","2","12","3","6","3","0","1","2","3","3","3","4","3","Travel_Frequently","1","7","No","Yes"
"2045","36","Female","Married","4","Marketing","Sales","Sales Executive","2","6652","13","1","8","2","6","3","0","0","2","2","4","3","1","2","Travel_Rarely","11","4","No","No"
"2046","45","Female","Single","3","Life Sciences","Sales","Sales Executive","2","4850","15","0","8","3","5","3","0","1","4","3","3","3","3","3","Travel_Rarely","20","8","No","No"
"2048","40","Male","Single","4","Life Sciences","Research & Development","Research Scientist","1","2809","14","0","8","2","2","2","2","2","3","2","3","3","4","3","Travel_Rarely","2","2","No","No"
"2049","35","Male","Married","4","Life Sciences","Research & Development","Healthcare Representative","2","5689","14","2","10","2","10","2","0","2","3","3","3","3","4","4","Travel_Frequently","18","1","Yes","No"
"2051","40","Female","Married","4","Medical","Research & Development","Research Scientist","1","2001","14","3","20","2","5","3","0","2","3","3","3","3","2","3","Travel_Rarely","2","2","No","No"
"2052","35","Female","Married","4","Life Sciences","Research & Development","Research Scientist","1","2977","12","1","4","5","4","3","1","1","3","1","4","3","4","3","Travel_Rarely","1","1","No","No"
"2053","29","Male","Married","2","Other","Research & Development","Laboratory Technician","2","4025","13","1","10","2","4","3","0","3","4","2","2","3","1","3","Travel_Rarely","13","4","Yes","No"
"2054","29","Female","Single","4","Medical","Research & Development","Research Scientist","1","3785","14","0","5","3","5","4","0","4","4","2","1","3","2","1","Travel_Rarely","28","1","No","No"
"2055","50","Male","Divorced","3","Marketing","Sales","Sales Executive","3","10854","13","1","20","3","3","2","2","0","4","2","1","3","2","3","Travel_Rarely","28","4","Yes","Yes"
"2056","39","Female","Married","1","Marketing","Sales","Sales Executive","4","12031","11","1","21","2","20","9","9","6","2","2","4","3","1","2","Travel_Rarely","24","0","No","No"
"2057","31","Male","Single","3","Medical","Research & Development","Manufacturing Director","2","9936","19","0","10","2","9","4","1","7","2","3","1","3","2","3","Non-Travel","5","0","No","No"
"2060","26","Female","Single","3","Other","Sales","Sales Representative","1","2966","18","0","5","2","4","2","0","0","4","2","3","3","4","3","Travel_Rarely","5","0","No","No"
"2061","36","Male","Married","2","Medical","Research & Development","Laboratory Technician","2","2571","17","1","17","3","5","2","0","3","3","4","4","3","3","3","Travel_Frequently","23","4","No","No"
"2062","39","Male","Married","1","Medical","Research & Development","Healthcare Representative","3","9991","15","1","9","5","7","7","1","7","4","2","1","3","1","3","Travel_Rarely","6","4","No","No"
"2064","27","Male","Married","3","Life Sciences","Research & Development","Manufacturing Director","2","6142","20","1","6","0","6","2","0","3","2","4","2","4","2","3","Travel_Rarely","4","1","Yes","No"
"2065","49","Male","Married","3","Medical","Sales","Sales Executive","2","5390","14","0","17","3","9","6","0","8","4","2","2","3","4","2","Travel_Frequently","2","2","No","No"
"2068","34","Male","Married","3","Medical","Research & Development","Laboratory Technician","2","4404","12","0","6","3","4","3","1","2","2","4","3","3","1","4","Travel_Rarely","8","2","No","No"
